drug	MaxAbsEStateIndex	MaxEStateIndex	MinAbsEStateIndex	MinEStateIndex	qed	HeavyAtomMolWt	ExactMolWt	NumValenceElectrons	MaxPartialCharge	MinPartialCharge	MaxAbsPartialCharge	MinAbsPartialCharge	FpDensityMorgan1	FpDensityMorgan2	FpDensityMorgan3	BCUT2D_MWHI	BCUT2D_MWLOW	BCUT2D_CHGHI	BCUT2D_CHGLO	BCUT2D_LOGPHI	BCUT2D_LOGPLOW	BCUT2D_MRHI	BCUT2D_MRLOW	AvgIpc	BalabanJ	BertzCT	Chi0	Chi0n	Chi0v	Chi1	Chi1n	Chi1v	Chi2n	Chi2v	Chi3n	Chi3v	Chi4n	Chi4v	HallKierAlpha	Ipc	Kappa1	Kappa2	Kappa3	LabuteASA	PEOE_VSA1	PEOE_VSA10	PEOE_VSA11	PEOE_VSA12	PEOE_VSA13	PEOE_VSA14	PEOE_VSA2	PEOE_VSA3	PEOE_VSA4	PEOE_VSA5	PEOE_VSA6	PEOE_VSA7	PEOE_VSA8	PEOE_VSA9	SMR_VSA1	SMR_VSA10	SMR_VSA2	SMR_VSA3	SMR_VSA4	SMR_VSA5	SMR_VSA6	SMR_VSA7	SMR_VSA9	SlogP_VSA1	SlogP_VSA10	SlogP_VSA11	SlogP_VSA12	SlogP_VSA2	SlogP_VSA3	SlogP_VSA4	SlogP_VSA5	SlogP_VSA6	SlogP_VSA7	SlogP_VSA8	TPSA	EState_VSA1	EState_VSA10	EState_VSA11	EState_VSA2	EState_VSA3	EState_VSA4	EState_VSA5	EState_VSA6	EState_VSA7	EState_VSA8	EState_VSA9	VSA_EState1	VSA_EState10	VSA_EState2	VSA_EState3	VSA_EState4	VSA_EState5	VSA_EState6	VSA_EState7	VSA_EState8	VSA_EState9	FractionCSP3	HeavyAtomCount	NHOHCount	NOCount	NumAliphaticCarbocycles	NumAliphaticHeterocycles	NumAliphaticRings	NumAromaticCarbocycles	NumAromaticHeterocycles	NumAromaticRings	NumHAcceptors	NumHDonors	NumHeteroatoms	NumRotatableBonds	NumSaturatedCarbocycles	NumSaturatedHeterocycles	NumSaturatedRings	RingCount	MolLogP	MolMR	fr_Al_OH	fr_Al_OH_noTert	fr_ArN	fr_Ar_N	fr_Ar_NH	fr_Ar_OH	fr_C_O	fr_C_O_noCOO	fr_HOCCN	fr_NH0	fr_NH1	fr_NH2	fr_N_O	fr_Ndealkylation1	fr_Ndealkylation2	fr_Nhpyrrole	fr_alkyl_carbamate	fr_alkyl_halide	fr_allylic_oxid	fr_amide	fr_aniline	fr_aryl_methyl	fr_benzene	fr_bicyclic	fr_ester	fr_ether	fr_furan	fr_halogen	fr_imidazole	fr_ketone	fr_ketone_Topliss	fr_lactone	fr_methoxy	fr_morpholine	fr_nitrile	fr_nitro	fr_nitro_arom	fr_nitroso	fr_para_hydroxylation	fr_phenol	fr_phenol_noOrthoHbond	fr_piperdine	fr_piperzine	fr_priamide	fr_pyridine	fr_sulfonamd	fr_sulfone	fr_term_acetylene	fr_thiazole	fr_thiophene	fr_unbrch_alkane	fr_urea
Vinblastine	15.321994065804107	15.321994065804107	0.0986226963767826	-2.301098412712735	0.179801053533736	752.5249999999999	810.420379436	316.0	0.3436112263225902	-0.4963433590476223	0.4963433590476223	0.3436112263225902	0.9491525423728814	1.7118644067796611	2.406779661016949	16.5770014090727	9.47334242413129	2.801494259647496	-2.630553941081053	2.6800908904599576	-2.8098622638808406	5.946152907004564	-0.228129868906983	3.895243450415872	1.3637618830141265	2257.0913930587544	41.86286759389039	35.30018383407435	35.30018383407435	28.220714523448365	21.213077288186387	21.213077288186387	18.20394764135368	18.20394764135368	15.598755531983985	15.598755531983985	13.506090863494189	13.506090863494189	-4.43	16547476727054.902	40.00045547656914	13.801606719760814	5.196998741043846	345.13959571880326	39.0443948566793	11.164502302680685	6.103966387748303	5.601050810983688	0.0	17.90791586385555	19.3888938298446	4.794537184071822	0.0	0.0	44.19861581843384	74.24722930994723	90.93631433573132	32.97228426396425	43.544118157097074	34.49822707062016	0.0	14.783797982648164	11.332896515558172	99.51587194343308	66.00075636692314	70.93452509437687	5.749511833283905	9.636772684650529	5.687386274683562	5.749511833283905	0.0	133.39536494026942	45.84500297533518	11.332896515558172	75.25960218364138	48.55024262443742	0.0	10.902924932081056	154.10000000000002	57.50079611090952	19.802129157825053	4.794537184071822	11.959746875309351	82.56167509209985	33.41114218500707	21.14333228224569	7.109797541277533	50.06052438675535	39.068572333239146	18.9474518152002	23.936517771858263	0.0	53.16144392035004	26.330912398105045	-1.6246730221447003	-1.5628213619726945	10.952784243529363	5.944736805409448	8.6246074393296	6.153158472202293	0.5869565217391305	59.0	3.0	13.0	1.0	5.0	6.0	2.0	1.0	3.0	12.0	3.0	13.0	7.0	1.0	2.0	3.0	9.0	3.990900000000003	220.4282999999993	2.0	0.0	0.0	1.0	1.0	0.0	3.0	3.0	0.0	3.0	1.0	0.0	0.0	1.0	0.0	1.0	0.0	0.0	0.0	0.0	1.0	0.0	2.0	6.0	3.0	4.0	0.0	0.0	0.0	0.0	0.0	0.0	3.0	0.0	0.0	0.0	0.0	0.0	1.0	0.0	0.0	1.0	0.0	0.0	0.0	0.0	0.0	0.0	0.0	0.0	0.0	0.0
Cytarabine	11.510870653817085	11.510870653817085	0.0536975886033428	-1.309931027966743	0.4489304892314893	230.11499999999995	243.085520516	94.0	0.3512126938330889	-0.3935668538876593	0.3935668538876593	0.3512126938330889	1.4705882352941178	2.176470588235294	2.7058823529411766	16.562986528413802	10.128301814895789	2.4318343369646738	-2.16223682336887	2.27365598894824	-2.355745031918356	5.232082740016903	-0.0548976402852064	2.565406713603092	2.3196952658217853	462.1897021796713	12.57698579026012	8.801123223941445	8.801123223941445	8.040912557858759	5.014304277265206	5.014304277265206	3.7711079251974	3.7711079251974	2.642834143988184	2.642834143988184	1.7293735696353043	1.7293735696353043	-1.48	7816.79425634862	11.98960467611348	4.414475063137193	2.025663273733915	95.89720926959052	25.79011261548436	24.12976194107993	6.22790117073487	0.0	0.0	5.689743398203474	4.567099647791355	4.794537184071822	4.9839785209472085	0.0	0.0	6.06636706846161	6.196843571613076	6.606881964512918	20.056445138322168	5.817862777835028	0.0	9.551078168738565	0.0	24.539800333979777	12.340549441675105	22.74749122234998	0.0	11.423410875365658	5.817862777835028	0.0	0.0	49.7894414810185	4.736862953800049	0.0	6.22790117073487	17.057747824146507	0.0	0.0	130.82999999999998	36.83642569669617	15.007591973753232	0.0	5.817862777835028	0.0	4.567099647791355	12.263210640074686	0.0	0.0	4.9839785209472085	15.57705782580294	6.187805177626607	0.0	14.98930933484505	28.15370186654909	4.629863315696649	0.0536975886033428	1.3711640211640213	-3.2663728269085426	-0.4525018109095486	0.0	0.5555555555555556	17.0	5.0	8.0	0.0	1.0	1.0	0.0	1.0	1.0	8.0	4.0	8.0	2.0	0.0	1.0	1.0	2.0	-2.563	55.91880000000002	3.0	3.0	1.0	2.0	0.0	0.0	0.0	0.0	0.0	2.0	0.0	1.0	0.0	0.0	0.0	0.0	0.0	0.0	0.0	0.0	1.0	0.0	0.0	0.0	0.0	1.0	0.0	0.0	0.0	0.0	0.0	0.0	0.0	0.0	0.0	0.0	0.0	0.0	0.0	0.0	0.0	0.0	0.0	0.0	0.0	0.0	0.0	0.0	0.0	0.0	0.0	0.0
Docetaxel___1007	14.94548196995826	14.94548196995826	0.0637190486081173	-2.353438114156233	0.1468094861389331	754.4659999999999	807.3466053760001	314.0	0.407747107221565	-0.4557376731538227	0.4557376731538227	0.407747107221565	0.9482758620689656	1.5517241379310345	2.103448275862069	16.637249605455956	9.444002592441583	2.7763671761423176	-2.669749125475407	2.637919258455339	-2.8142152568366097	5.938738292123983	-0.3455181457493428	3.144412387322181	1.4857057667213098	1976.328970776984	42.74998341876801	33.884962475611374	33.884962475611374	26.990414843854843	19.33466298515773	19.33466298515773	17.573846614463754	17.573846614463754	12.56716788569392	12.56716788569392	9.559609692764472	9.559609692764472	-4.67	1464011835189.8	42.92290432672173	15.171694085358682	7.099650361474251	336.1909090656998	49.4272129523694	35.61796717296058	17.488262145096932	0.0	0.0	24.001155934793964	9.589074368143644	14.383611552215466	0.0	0.0	62.37841094707413	63.46108068721186	25.180370914939424	35.64903718866435	68.08311026872217	29.784400881158906	0.0	5.316788604006331	16.747886984954953	127.70033243196583	6.606881964512918	82.93678272814864	0.0	5.316788604006331	4.794537184071822	0.0	0.0	110.24434318447554	38.06792632121571	16.747886984954953	90.19482183999078	71.80987974475464	0.0	0.0	224.45	112.42190107762872	44.39879549972193	0.0	29.73736413927445	5.563451491696996	6.923737199690624	25.980208536304467	83.14962254614599	0.0	5.316788604006331	23.684314769000245	29.507859364191926	0.0	68.90980717341509	51.56241389387875	-8.13552639593535	-5.363479982528286	14.62746069590883	-11.482330648139213	11.790462565874922	0.0	0.5581395348837209	58.0	5.0	15.0	3.0	1.0	4.0	2.0	0.0	2.0	14.0	5.0	15.0	8.0	2.0	1.0	3.0	6.0	3.2596000000000025	203.6043999999994	4.0	3.0	0.0	0.0	0.0	0.0	5.0	5.0	0.0	0.0	1.0	0.0	0.0	0.0	0.0	0.0	1.0	0.0	0.0	1.0	0.0	0.0	2.0	5.0	3.0	5.0	0.0	0.0	0.0	1.0	1.0	0.0	0.0	0.0	0.0	0.0	0.0	0.0	0.0	0.0	0.0	0.0	0.0	0.0	0.0	0.0	0.0	0.0	0.0	0.0	0.0	0.0
Docetaxel___1819	14.94548196995826	14.94548196995826	0.0637190486081173	-2.353438114156233	0.1468094861389331	754.4659999999999	807.3466053760001	314.0	0.407747107221565	-0.4557376731538227	0.4557376731538227	0.407747107221565	0.9482758620689656	1.5517241379310345	2.103448275862069	16.637249605455956	9.444002592441583	2.7763671761423176	-2.669749125475407	2.637919258455339	-2.8142152568366097	5.938738292123983	-0.3455181457493428	3.144412387322181	1.4857057667213098	1976.328970776984	42.74998341876801	33.884962475611374	33.884962475611374	26.990414843854843	19.33466298515773	19.33466298515773	17.573846614463754	17.573846614463754	12.56716788569392	12.56716788569392	9.559609692764472	9.559609692764472	-4.67	1464011835189.8	42.92290432672173	15.171694085358682	7.099650361474251	336.1909090656998	49.4272129523694	35.61796717296058	17.488262145096932	0.0	0.0	24.001155934793964	9.589074368143644	14.383611552215466	0.0	0.0	62.37841094707413	63.46108068721186	25.180370914939424	35.64903718866435	68.08311026872217	29.784400881158906	0.0	5.316788604006331	16.747886984954953	127.70033243196583	6.606881964512918	82.93678272814864	0.0	5.316788604006331	4.794537184071822	0.0	0.0	110.24434318447554	38.06792632121571	16.747886984954953	90.19482183999078	71.80987974475464	0.0	0.0	224.45	112.42190107762872	44.39879549972193	0.0	29.73736413927445	5.563451491696996	6.923737199690624	25.980208536304467	83.14962254614599	0.0	5.316788604006331	23.684314769000245	29.507859364191926	0.0	68.90980717341509	51.56241389387875	-8.13552639593535	-5.363479982528286	14.62746069590883	-11.482330648139213	11.790462565874922	0.0	0.5581395348837209	58.0	5.0	15.0	3.0	1.0	4.0	2.0	0.0	2.0	14.0	5.0	15.0	8.0	2.0	1.0	3.0	6.0	3.2596000000000025	203.6043999999994	4.0	3.0	0.0	0.0	0.0	0.0	5.0	5.0	0.0	0.0	1.0	0.0	0.0	0.0	0.0	0.0	1.0	0.0	0.0	1.0	0.0	0.0	2.0	5.0	3.0	5.0	0.0	0.0	0.0	1.0	1.0	0.0	0.0	0.0	0.0	0.0	0.0	0.0	0.0	0.0	0.0	0.0	0.0	0.0	0.0	0.0	0.0	0.0	0.0	0.0	0.0	0.0
Gefitinib	13.468244022471676	13.468244022471676	0.0364085711831807	-0.4747555099301797	0.517854527865434	422.71800000000025	446.152096528	164.0	0.1624329849026206	-0.4927859630535338	0.4927859630535338	0.1624329849026206	1.1612903225806452	2.0	2.774193548387097	35.49569229483889	10.166031380125917	2.135332605023696	-2.25949500298889	2.3476415791463525	-2.367887997989929	6.305763331636628	0.0357326928413081	2.794230401534003	1.5078739571774324	1046.6849035998564	21.63118126525103	17.236163687353507	17.99209263337196	15.135361590784806	10.115515540858024	10.49348001386725	7.15240839557078	7.559608522311387	5.083026254841418	5.372672716505981	3.4416255033402745	3.6221681335690152	-2.68	13732178.246809222	21.54820667146205	10.08499225416898	5.330841061237727	184.64229675297287	19.52737746540648	17.962403693645463	11.49902366656781	0.0	0.0	0.0	4.899909730850478	14.358372089569237	0.0	0.0	11.600939890232516	30.68628989677245	36.77424677534769	37.46977746617387	18.60100390907497	34.00911387483217	0.0	14.867866772744897	0.0	6.4208216229260096	51.881501256560334	47.49900957185981	11.49902366656781	14.790514511606428	15.89566410019341	11.49902366656781	11.600939890232516	61.4325794252989	4.736862953800049	5.817220841045895	6.4208216229260096	36.65915541707259	5.022633313741326	10.902924932081056	68.74000000000001	5.817220841045895	4.39041504767482	0.0	5.022633313741326	35.12785540121558	44.655078984154365	18.46005421168776	13.176164609739144	12.13273413692322	20.184655376751227	25.811528751632665	30.373687188141982	5.895463515763117	11.035060718058636	3.9656523368373766	1.3179841601243467	1.3111794738693126	8.089993046623432	2.350959873566399	5.004639048839564	1.5998250826202731	0.3636363636363636	31.0	1.0	7.0	0.0	1.0	1.0	2.0	1.0	3.0	7.0	1.0	9.0	8.0	0.0	1.0	1.0	4.0	4.275600000000003	118.15370000000004	0.0	0.0	0.0	2.0	0.0	0.0	0.0	0.0	0.0	3.0	1.0	0.0	0.0	0.0	0.0	0.0	0.0	0.0	0.0	0.0	2.0	0.0	2.0	1.0	0.0	3.0	0.0	2.0	0.0	0.0	0.0	0.0	1.0	1.0	0.0	0.0	0.0	0.0	0.0	0.0	0.0	0.0	0.0	0.0	0.0	0.0	0.0	0.0	0.0	0.0	1.0	0.0
Vorinostat	11.591414631828142	11.591414631828142	0.0132418955236419	-0.3594253181225928	0.3832200999836573	244.165	264.1473925	104.0	0.2428286181492087	-0.3260984792165692	0.3260984792165692	0.2428286181492087	0.8947368421052632	1.4736842105263157	2.0526315789473686	16.46691269105351	10.105130650193692	2.022074429228834	-2.043710302414028	2.085994894652923	-2.172450428643368	5.900457626583416	-0.1288871784057272	2.43021074012854	2.032661268153765	392.9373671049543	13.924438962994	10.8931022094951	10.8931022094951	9.21954535281284	6.499645471923348	6.499645471923348	4.363395035452541	4.363395035452541	2.7399240433905256	2.7399240433905256	1.7255431762256637	1.7255431762256637	-1.88	18362.67235241125	15.178411214953275	9.103589516578465	7.205209337695133	112.52198085364748	5.316788604006331	0.0	0.0	11.814359458703011	0.0	0.0	14.796327392920931	5.480096598121202	0.0	0.0	31.040744451236847	24.97437738277524	18.52902952053558	0.0	14.796327392920931	17.501745733386574	0.0	5.480096598121202	0.0	38.524929737556064	5.316788604006331	30.33183534230805	0.0	10.796885202127534	5.687386274683562	0.0	0.0	17.0216124834803	9.589074368143644	0.0	38.524929737556064	30.33183534230805	0.0	0.0	78.43	0.0	9.589074368143644	0.0	11.814359458703011	12.84164324585202	31.3706727663876	0.0	5.480096598121202	30.33183534230805	5.316788604006331	5.20725302477729	0.0	0.0	22.322116254554164	11.122017013037414	2.4104883776367503	-0.3461834225989508	9.359749944038676	4.131811833331945	0.0	0.0	0.4285714285714285	19.0	3.0	5.0	0.0	0.0	0.0	1.0	0.0	1.0	3.0	3.0	5.0	8.0	0.0	0.0	0.0	1.0	2.4711	72.70290000000003	0.0	0.0	0.0	0.0	0.0	0.0	2.0	2.0	0.0	0.0	2.0	0.0	1.0	0.0	0.0	0.0	0.0	0.0	0.0	2.0	1.0	0.0	1.0	0.0	0.0	0.0	0.0	0.0	0.0	0.0	0.0	0.0	0.0	0.0	0.0	0.0	0.0	0.0	1.0	0.0	0.0	0.0	0.0	0.0	0.0	0.0	0.0	0.0	0.0	0.0	3.0	0.0
Nilotinib	13.609165039738006	13.609165039738006	0.0011413612493087	-4.60078225368541	0.2658598216325419	507.35000000000025	529.1837929840001	196.0	0.4160618842003391	-0.323896903899683	0.4160618842003391	0.323896903899683	0.9743589743589745	1.8205128205128205	2.5384615384615383	19.41319129975728	10.08690131961328	2.313543481428159	-2.144308956991846	2.3315587546235177	-2.1431478973139133	6.048096846247589	-0.1371038554520296	3.36022418800826	1.406068511739026	1649.0608196010155	27.57033885400645	20.8611134556461	20.8611134556461	18.652018246629737	11.813083399639352	11.813083399639352	8.804654339776183	8.804654339776183	5.871916984100428	5.871916984100428	3.874101579850153	3.874101579850153	-5.0600000000000005	649397948.0826293	25.58376013065048	10.364741922338526	5.926969544026141	221.17512490877368	15.200676855804016	0.0	0.0	5.948339280986494	5.907179729351506	6.176298517443475	9.77851570501903	14.951935562841626	13.17124514302446	0.0	6.06636706846161	67.94186243877112	52.97643609389698	23.27862755615846	17.96578232709628	23.23029155970513	0.0	24.503013731580182	0.0	20.02377291682472	10.633577208012662	108.0962804473108	16.944765761229018	10.633577208012662	30.49435697337808	0.0	0.0	30.41019346093169	6.176298517443475	13.847474399381248	27.178819654011267	85.71199797737135	0.0	16.944765761229018	97.62	17.646929738491977	17.96578232709628	0.0	16.93822404106412	23.02358154536698	23.25963712031721	16.960786791017505	62.04294682845097	12.990104268152232	30.56949129180149	0.0	42.29352351773952	0.0	30.0582941832478	5.71194082014574	3.092237674134436	-0.258960985767581	13.721743835870704	3.384049415974036	3.5805048719886825	0.0	0.1071428571428571	39.0	2.0	8.0	0.0	0.0	0.0	2.0	3.0	5.0	7.0	2.0	11.0	6.0	0.0	0.0	0.0	5.0	6.355840000000005	140.98089999999985	0.0	0.0	0.0	5.0	0.0	0.0	1.0	1.0	0.0	5.0	2.0	0.0	0.0	0.0	0.0	0.0	0.0	3.0	0.0	1.0	3.0	2.0	2.0	0.0	0.0	0.0	0.0	3.0	1.0	0.0	0.0	0.0	0.0	0.0	0.0	0.0	0.0	0.0	0.0	0.0	0.0	0.0	0.0	0.0	1.0	0.0	0.0	0.0	0.0	0.0	0.0	0.0
Olaparib	14.563571359162989	14.563571359162989	0.0122218547912991	-0.5745164346602836	0.6830916301031819	411.2870000000002	434.1754188160001	164.0	0.2715501470616431	-0.3389086979461298	0.3389086979461298	0.2715501470616431	1.0	1.6875	2.40625	19.142197194722574	10.015030589147544	2.3507356684684395	-2.346486092923739	2.3102962356751093	-2.507075868757255	5.947487723982324	-0.1335394185214806	3.669582226862991	1.3423975184006576	1259.5791771291445	22.24191172926027	17.51289975272353	17.51289975272353	15.508040390846984	10.838355564878972	10.838355564878972	8.427744265644296	8.427744265644296	6.212894956233996	6.212894956233996	4.234604977090179	4.234604977090179	-3.5499999999999994	45182479.76302485	20.35811512793179	8.180995217053743	3.8798173352334135	183.38543926796584	9.799819461700956	5.817220841045895	0.0	5.907179729351506	11.466446624403511	0.0	14.383611552215466	9.489096855975856	5.098681808301038	0.0	24.26546827384644	36.60419594293384	43.9039775072025	16.643603701010253	13.979489415818463	22.5868078876326	0.0	19.99718307830303	5.917906046161393	19.26246486877803	26.1790256236503	75.45642537764346	0.0	5.559266895052008	4.39041504767482	0.0	0.0	57.99056816065633	11.21535880699783	11.735126887207288	34.457011408166295	47.25910666330309	0.0	10.772448428929591	86.37	5.817220841045895	18.774026599890284	0.0	28.854983891613408	43.679999455889565	23.79131895201381	6.06636706846161	34.0652877355474	12.13273413692322	10.197363616602075	0.0	14.563571359162989	0.0	40.67270116719028	7.934033779505461	1.121519460152442	-0.6189091243333349	11.648638288682855	2.25632745435374	1.7554509486188916	0.0	0.3333333333333333	32.0	1.0	7.0	1.0	1.0	2.0	2.0	1.0	3.0	4.0	1.0	8.0	4.0	1.0	1.0	2.0	5.0	2.3474000000000004	116.77720000000006	0.0	0.0	0.0	2.0	1.0	0.0	2.0	2.0	0.0	3.0	1.0	0.0	0.0	0.0	0.0	1.0	0.0	0.0	0.0	2.0	0.0	0.0	2.0	1.0	0.0	0.0	0.0	1.0	0.0	0.0	0.0	0.0	0.0	0.0	0.0	0.0	0.0	0.0	0.0	0.0	0.0	0.0	1.0	0.0	0.0	0.0	0.0	0.0	0.0	0.0	0.0	0.0
Axitinib	12.075732222704954	12.075732222704954	0.0901266482653497	-0.0901266482653497	0.5241908173512972	368.33600000000007	386.1201321960001	138.0	0.2516719457749406	-0.3550767051016171	0.3550767051016171	0.2516719457749406	1.0714285714285714	1.9285714285714288	2.75	32.16658027511423	10.16552017859545	2.111946914520755	-2.075495977028572	2.3238871389959392	-2.179180348304884	7.990874601369279	0.0959957359735575	3.148758471355444	1.6025368729960088	1151.6453529302132	19.346724214874865	15.216477271392783	16.032973852320506	13.741514740667451	8.806134596712877	9.6226311776406	6.081519320272574	7.196874391922986	4.250081169716609	5.315626492913238	2.8541671142985083	3.838264954770115	-3.3799999999999994	4402971.945665744	18.00530517350135	8.102901424896904	3.818583505931169	166.4488257490915	5.316788604006331	0.0	0.0	0.0	5.907179729351506	0.0	14.877197513320068	0.0	5.098681808301038	0.0	29.960986154775945	54.61660969289903	28.421706719790613	22.46800819901018	4.794537184071822	40.72402982449144	0.0	20.498130741555613	0.0	9.79096695103555	7.04767198267719	83.8118217376231	0.0	5.316788604006331	0.0	0.0	11.761884949391115	28.13619384957797	0.0	0.0	21.74584466546574	76.65148120726474	0.0	23.054965145748817	70.67	0.0	4.794537184071822	0.0	5.907179729351506	5.563451491696996	32.08174787281353	0.0	25.00640050368138	72.81571089828387	20.498130741555613	0.0	0.0	1.5556120798360151	18.31151845627513	11.214342697794828	3.3623922422988297	-0.0901266482653497	19.511671415368923	5.661925215311343	0.0	1.6393312080469369	0.0454545454545454	28.0	2.0	5.0	0.0	0.0	0.0	2.0	2.0	4.0	4.0	2.0	6.0	5.0	0.0	0.0	0.0	4.0	4.639100000000004	113.2139	0.0	0.0	0.0	3.0	1.0	0.0	1.0	1.0	0.0	2.0	2.0	0.0	0.0	0.0	0.0	1.0	0.0	0.0	0.0	1.0	0.0	0.0	2.0	1.0	0.0	0.0	0.0	0.0	0.0	0.0	0.0	0.0	0.0	0.0	0.0	0.0	0.0	0.0	0.0	0.0	0.0	0.0	0.0	0.0	1.0	0.0	0.0	0.0	0.0	0.0	0.0	0.0
Afatinib	13.552448205745227	13.552448205745227	0.0043572481089819	-0.5094766232811871	0.4572933534123706	460.7470000000002	485.16299556	178.0	0.2476891980311076	-0.4856677385504834	0.4856677385504834	0.2476891980311076	1.3235294117647058	2.176470588235294	2.911764705882353	35.49569244937948	10.14362101983397	2.204671383923008	-2.174656351880662	2.346631425625437	-2.179152060222958	6.305853853742064	-0.1114889659907791	3.2985868749281737	1.6802607790026551	1214.67784504622	24.07877502244373	18.846894151362736	19.6028230973812	16.385050488558726	10.76301937448084	11.14098384749007	8.098992989897502	8.506193116638109	5.098208904847835	5.387855366512398	3.419665972850485	3.600208603079225	-3.27	52867959.29867568	23.873698027859223	10.771676263256955	5.990027316260755	201.2804170037267	25.00721284646324	29.815881914677668	0.0	5.907179729351506	0.0	0.0	4.794537184071822	14.358372089569237	0.0	0.0	17.676959997066398	38.36081223920082	36.18157569328243	29.44048423506699	18.65867813934674	45.603679878867226	0.0	14.867866772744891	0.0	12.524788010674312	44.48744150830544	59.651049785527576	5.749511833283905	15.370440161812713	21.58305037487697	5.749511833283905	11.600939890232516	60.73287719013749	9.53140013787187	5.817220841045895	6.4208216229260096	48.81119563074036	5.022633313741326	10.902924932081056	88.61000000000001	5.817220841045895	9.184952231746642	0.0	17.033779430841136	53.60359242750552	6.4208216229260096	24.53607431852164	24.27512131221871	18.99525369620486	20.60153424990708	21.074665797832616	25.10119122837464	5.912266875526566	23.204317451026554	6.673180824588723	1.654351500895594	0.1704369115899608	7.823315862372373	5.318233571185272	1.7458293286319773	3.841320890252781	0.2916666666666667	34.0	2.0	8.0	0.0	1.0	1.0	2.0	1.0	3.0	7.0	2.0	10.0	8.0	0.0	1.0	1.0	4.0	4.389900000000002	130.4064	0.0	0.0	0.0	2.0	0.0	0.0	1.0	1.0	0.0	3.0	2.0	0.0	0.0	1.0	0.0	0.0	0.0	0.0	0.0	1.0	3.0	0.0	2.0	1.0	0.0	2.0	0.0	2.0	0.0	0.0	0.0	0.0	0.0	0.0	0.0	0.0	0.0	0.0	0.0	0.0	0.0	0.0	0.0	0.0	0.0	0.0	0.0	0.0	0.0	0.0	0.0	0.0
Palbociclib	13.329498469858107	13.329498469858107	0.0536028900742655	-0.2476395877040367	0.5754108874418277	418.3110000000002	447.2382731680001	172.0	0.2631101892602483	-0.3677401923808754	0.3677401923808754	0.2631101892602483	1.121212121212121	1.878787878787879	2.5454545454545454	16.148640361738213	10.034190450535602	2.254763908327485	-2.2865439690413973	2.316691226529812	-2.4306931131116105	5.990194041352757	0.1010434372579091	3.3426918796909124	1.5077585467519468	1240.3878111114068	22.949018510446816	19.096170153868027	19.096170153868027	16.02487714325259	11.642185309815734	11.642185309815734	8.864198996043623	8.864198996043623	6.720289527548967	6.720289527548967	4.9934249308255225	4.9934249308255225	-3.3300000000000005	53698339.432106696	21.51229275408366	8.897288872412561	4.083227162146443	191.80897057088544	15.533486938863138	11.465039998602755	5.783244946364939	5.948339280986494	5.559266895052008	0.0	14.156174015934996	9.967957041894415	4.9839785209472085	0.0	12.84164324585202	44.38530327385348	43.80393423887613	17.447681337993636	4.794537184071822	34.270234715102546	0.0	24.835823814639312	0.0	45.57260172023325	36.39572395850711	46.0071283426672	0.0	21.092753833915147	17.453588333505085	0.0	0.0	51.48130578064822	0.0	6.923737199690624	54.57030468800845	29.320958464221192	0.0	11.033401435232523	105.04	0.0	9.589074368143644	0.0	22.947804162261903	22.976830771286245	62.93592260450271	6.923737199690624	17.687680419095056	18.3295777085363	25.50144398075756	4.9839785209472085	1.7220685015559585	0.0	41.61756793401892	7.260543005360265	2.2930540544568894	0.7993011334920039	4.010464080397758	7.523952218543564	7.106382405507977	0.0	0.4583333333333333	33.0	2.0	9.0	1.0	1.0	2.0	0.0	3.0	3.0	9.0	2.0	9.0	5.0	1.0	1.0	2.0	5.0	2.965820000000001	128.64690000000004	0.0	0.0	0.0	4.0	0.0	0.0	1.0	1.0	0.0	5.0	2.0	0.0	0.0	0.0	0.0	0.0	0.0	0.0	0.0	0.0	3.0	1.0	0.0	1.0	0.0	0.0	0.0	0.0	0.0	1.0	1.0	0.0	0.0	0.0	0.0	0.0	0.0	0.0	0.0	0.0	0.0	0.0	1.0	0.0	2.0	0.0	0.0	0.0	0.0	0.0	0.0	0.0
5-Fluorouracil	11.984814814814817	11.984814814814817	0.7070370370370369	-1.0011574074074072	0.482564502908463	127.054	130.017855556	48.0	0.3253471361874118	-0.3111557027192775	0.3253471361874118	0.3111557027192775	1.4444444444444444	2.111111111111111	2.555555555555556	19.142219988403863	10.626560738634351	1.9303482220113937	-1.8066429483965136	1.7353535956112744	-2.229116762015645	4.826193296330203	0.5965732097860831	1.7965675742516067	3.5238977189940166	312.83394095677266	6.8533711511285205	4.271811323126579	4.271811323126579	4.198377302757663	2.1745807961581027	2.1745807961581027	1.419861055726385	1.419861055726385	0.7739642065842112	0.7739642065842112	0.3933619097045291	0.3933619097045291	-1.39	104.2009193065932	5.741406044678055	1.8479763724759504	1.042170728106469	48.35927868440376	4.9839785209472085	0.0	0.0	5.817220841045895	5.559266895052007	5.689743398203474	9.77851570501903	4.794537184071822	4.39041504767482	0.0	0.0	0.0	6.196843571613076	0.0	4.39041504767482	0.0	0.0	9.967957041894415	0.0	0.0	0.0	32.8521490740581	0.0	11.24901029325548	4.39041504767482	0.0	0.0	9.967957041894415	0.0	5.817220841045895	0.0	15.785917939756718	0.0	0.0	65.72	17.066231134301376	13.979489415818463	0.0	0.0	6.196843571613076	0.0	0.0	4.9839785209472085	4.9839785209472085	0.0	0.0	11.984814814814817	0.0	24.005000000000003	0.0	-1.708194444444444	-0.9911111111111108	0.0	0.7094907407407407	0.0	0.0	0.0	9.0	2.0	4.0	0.0	0.0	0.0	0.0	1.0	1.0	2.0	2.0	5.0	0.0	0.0	0.0	0.0	1.0	-0.7977000000000001	27.6414	0.0	0.0	0.0	2.0	2.0	0.0	0.0	0.0	0.0	0.0	2.0	0.0	0.0	0.0	0.0	2.0	0.0	0.0	0.0	0.0	0.0	0.0	0.0	0.0	0.0	0.0	0.0	1.0	0.0	0.0	0.0	0.0	0.0	0.0	0.0	0.0	0.0	0.0	0.0	0.0	0.0	0.0	0.0	0.0	0.0	0.0	0.0	0.0	0.0	0.0	0.0	0.0
Dasatinib	12.69308180026148	12.69308180026148	0.1731179742277373	-0.2666136091002893	0.4657173060978848	461.8090000000002	487.155721752	174.0	0.2669995457316883	-0.3950445481992146	0.3950445481992146	0.2669995457316883	1.2121212121212122	2.0	2.727272727272727	35.49569262790627	10.173622896957427	2.1915687606744503	-2.34715558259014	2.281225463984412	-2.470931023082424	7.171599304418783	0.1025458174207034	3.2507560434609006	1.431592912890649	1111.4321707155357	23.371668241257183	18.507134660004112	20.07956018695029	15.92305529101951	10.658603284189198	11.853064338126153	7.751415202594919	9.189264211261888	5.361898965339837	6.588407717104564	3.631779671573785	4.6192622916178205	-2.789999999999999	33876609.84080048	23.37093502599184	10.429649853029732	5.772233374483719	201.00196040766053	20.64001433370385	22.337277247371283	5.131558479839333	0.0	5.907179729351506	0.0	9.6944469149223	14.951935562841626	0.0	0.0	35.07045990509047	25.47729295953985	38.790149098024486	23.513745124550884	9.901064578912528	51.299575807711705	0.0	19.851845293692104	0.0	13.847474399381248	54.86415093293893	51.74994834259906	0.0	15.53348693886314	22.454670310192952	0.0	22.93772576816725	70.1962164119601	0.0	13.847474399381248	21.05954036747004	30.46231184545952	5.022633313741326	0.0	106.51	0.0	4.794537184071822	0.0	12.514061693864424	38.90574894371304	37.56033989318232	17.533629449547814	6.06636706846161	32.04657560476608	35.38533223255524	16.70746728507322	0.0	7.457830513857925	30.975300560948945	16.24512659009515	1.4880803972808272	1.851363352595038	7.367072949316626	1.5315981931343652	8.028071887215573	0.0	0.3636363636363636	33.0	3.0	9.0	0.0	1.0	1.0	1.0	2.0	3.0	9.0	3.0	11.0	7.0	0.0	1.0	1.0	4.0	3.313540000000001	132.04670000000002	1.0	1.0	0.0	3.0	0.0	0.0	1.0	1.0	1.0	5.0	2.0	0.0	0.0	0.0	0.0	0.0	0.0	0.0	0.0	1.0	4.0	2.0	1.0	0.0	0.0	0.0	0.0	1.0	0.0	0.0	0.0	0.0	0.0	0.0	0.0	0.0	0.0	0.0	1.0	0.0	0.0	0.0	1.0	0.0	0.0	0.0	0.0	0.0	1.0	0.0	0.0	0.0
Paclitaxel	15.483795019660388	15.483795019660388	0.0028853439807063	-2.390958146825491	0.129786194451245	802.5099999999999	853.330955312	328.0	0.338014232853755	-0.4557369238936237	0.4557369238936237	0.338014232853755	0.8225806451612904	1.403225806451613	1.9516129032258065	16.63726267137177	9.443592633100645	2.7807239828580523	-2.6703099251237616	2.641516956364917	-2.8152203884947324	5.960987193723831	-0.3455531656402163	3.2369337087525145	1.3874476640402011	2280.346269552867	44.94021786308	35.2327485165234	35.2327485165234	29.27228992717612	20.47284995832904	20.47284995832904	17.354040301246407	17.354040301246407	13.47985515484226	13.47985515484226	10.182540514539149	10.182540514539149	-5.739999999999999	19536342594936.66	44.3203576455078	16.512845507693864	7.294407711419627	357.8854073908184	44.32068555752869	23.9129499742286	23.59222853284524	0.0	5.907179729351506	23.8772211518074	19.178148736287287	9.589074368143644	0.0	0.0	80.57751215245895	54.82260322506321	37.667559606327046	35.64903718866435	67.77112005795328	35.56764582752384	0.0	5.316788604006331	16.747886984954953	108.2518072216009	6.606881964512918	118.83206956215372	0.0	5.316788604006331	0.0	0.0	0.0	105.32000992501608	42.86246350528753	16.747886984954953	86.70533611637835	102.14171508706272	0.0	0.0	221.29	112.60409521300996	39.29226810488122	4.794537184071822	35.30081563097146	5.563451491696996	13.847474399381248	25.980208536304467	92.71024628938218	0.0	5.316788604006331	23.684314769000245	30.27238288139993	0.0	83.45331184567334	40.233952430571534	-7.019085032825359	-6.841158827712651	22.937711636968977	-10.511556872841576	7.974441938765803	0.0	0.4468085106382978	62.0	4.0	15.0	3.0	1.0	4.0	3.0	0.0	3.0	14.0	4.0	15.0	10.0	2.0	1.0	3.0	7.0	3.735700000000004	217.69009999999943	3.0	2.0	0.0	0.0	0.0	0.0	6.0	6.0	0.0	0.0	1.0	0.0	0.0	0.0	0.0	0.0	0.0	0.0	0.0	1.0	0.0	0.0	3.0	5.0	4.0	5.0	0.0	0.0	0.0	1.0	1.0	0.0	0.0	0.0	0.0	0.0	0.0	0.0	0.0	0.0	0.0	0.0	0.0	0.0	0.0	0.0	0.0	0.0	0.0	0.0	0.0	0.0
Crizotinib	13.8824765872402	13.8824765872402	0.0685802481739181	-0.6273036682533437	0.533055458733566	428.1690000000001	449.118543904	158.0	0.1656916893305656	-0.4820245905177427	0.4820245905177427	0.1656916893305656	1.2333333333333334	2.0	2.7666666666666666	35.496837033026296	10.07484827496891	2.206100668682247	-2.2230710526329114	2.366424154339333	-2.2907709940356145	6.357040670428125	0.227177953391866	3.2353351785330955	1.5835351944627225	1051.8711432560124	21.25034789769755	16.408362043444246	17.920219935481157	14.43556074577555	9.745538647870465	10.501467593888918	7.314510887094133	8.099675486843966	5.28911762390943	6.002843424866345	3.630212803948581	4.308163107034087	-2.349999999999999	8625144.75915495	20.903961875513943	8.794861928474424	4.237011144043406	183.69660258359664	15.787319034968563	11.921187228794198	11.567374611118932	0.0	0.0	0.0	4.681802935145185	9.374393568622027	5.098681808301038	0.0	23.20187978046503	51.05399446275263	34.10667493205847	17.261317714502365	9.127278001474869	29.01974255830006	0.0	20.08125186839976	0.0	31.911187662438905	18.82318028898733	58.2155708804496	16.876414816677897	15.787319034968563	10.208277825509848	5.749511833283905	23.20187978046503	27.853976076218583	0.0	5.817220841045895	37.4746391541359	36.78963192022406	10.045266627482652	11.126902983393991	77.99	11.921187228794198	4.39041504767482	0.0	10.840496091576355	22.377437467870188	37.05805904107116	12.13273413692322	19.18694783976531	17.075490078371338	15.399448933254575	33.67241021142727	21.8590251990454	12.313918257753818	4.252061917359536	8.12877482363231	8.120164783267226	0.0302748119094973	4.848648078269265	6.95852900930971	3.710825341675464	0.0	0.3333333333333333	30.0	3.0	6.0	0.0	1.0	1.0	1.0	2.0	3.0	6.0	2.0	9.0	5.0	0.0	1.0	1.0	4.0	5.037700000000004	116.47410000000004	0.0	0.0	1.0	3.0	0.0	0.0	0.0	0.0	0.0	3.0	1.0	1.0	0.0	0.0	0.0	0.0	0.0	0.0	0.0	0.0	1.0	0.0	1.0	0.0	0.0	1.0	0.0	3.0	0.0	0.0	0.0	0.0	0.0	0.0	0.0	0.0	0.0	0.0	0.0	0.0	0.0	1.0	0.0	0.0	1.0	0.0	0.0	0.0	0.0	0.0	0.0	0.0
Rapamycin	14.36141029013072	14.36141029013072	0.0193105871006988	-2.4280638995263715	0.1555112399819528	834.5549999999998	913.555141588	366.0	0.3286628053096986	-0.4600915621870062	0.4600915621870062	0.3286628053096986	0.8461538461538461	1.5692307692307692	2.246153846153846	16.6403342442084	9.781304446823494	2.528630612277376	-2.424510084928792	2.375491416425628	-2.6052117649067617	6.387396287688211	-0.2653444933753688	3.279948913566458	1.7019978625273082	1755.5005702359906	48.17226867064888	40.61073082585607	40.61073082585607	30.749583324057745	23.92402023513976	23.92402023513976	19.59072186745929	19.59072186745929	14.478991198477464	14.478991198477464	10.11653676600312	10.11653676600312	-3.369999999999999	47983207692394.52	54.23741622847528	25.12545058178446	14.32242975662692	386.7224915793506	43.90380668437284	30.13698493875781	5.783244946364939	5.7871111525705965	11.690424675716445	5.969305287951849	19.178148736287287	4.794537184071822	0.0	0.0	71.0748066394564	106.95561782726408	58.46951041408137	24.41586555099321	62.97658287388147	29.22621985639817	0.0	4.899909730850478	35.50743627696836	180.07273656890322	27.874149029745176	47.60232970114182	0.0	0.0	0.0	0.0	0.0	131.8765774974726	47.65700068935935	35.50743627696836	125.51601987294649	47.60232970114182	0.0	0.0	195.42999999999995	83.86619841036084	39.29226810488122	0.0	54.81057407072694	63.36049913640336	11.993926152995275	12.009707272128011	41.066826788460816	58.0750493329319	0.0	23.684314769000245	29.362285880841483	0.0	71.77161134616098	33.83832848387476	1.2664139568346384	-7.959310503890356	-1.1396305043877268	11.183541207846696	12.739893160432432	4.520200305620426	0.7450980392156863	65.0	3.0	14.0	1.0	3.0	4.0	0.0	0.0	0.0	13.0	3.0	14.0	6.0	1.0	2.0	3.0	4.0	6.180600000000006	245.13739999999908	3.0	2.0	0.0	0.0	0.0	0.0	5.0	5.0	0.0	1.0	0.0	0.0	0.0	0.0	0.0	0.0	0.0	0.0	6.0	1.0	0.0	0.0	0.0	3.0	1.0	5.0	0.0	0.0	0.0	3.0	3.0	1.0	3.0	0.0	0.0	0.0	0.0	0.0	0.0	0.0	0.0	1.0	0.0	0.0	0.0	0.0	0.0	0.0	0.0	0.0	0.0	0.0
Sorafenib	12.93887738071883	12.93887738071883	0.0659389232541771	-4.641864625107676	0.4613395020059931	448.70300000000015	464.086302712	166.0	0.4174184276868063	-0.457236902294498	0.457236902294498	0.4174184276868063	0.9375	1.59375	2.25	35.49569230196613	10.164254358533505	2.3302202669852865	-2.124365177500354	2.357970309003785	-2.1948671769621626	6.311335678872345	-0.1369967417425628	2.750350513639507	1.6244376001208218	1137.8789445127009	23.30275414050484	16.457319050824715	17.21324799684317	15.151216908830303	9.062991028319596	9.440955501328824	6.353856509713334	6.76105663645394	4.068618814162424	4.398207035202469	2.582987740833953	2.807679149370679	-3.789999999999999	9882757.49084646	22.88541114877092	9.563603314484585	5.883370444382855	185.11105638623687	20.68722876581904	17.19295166141627	0.0	0.0	5.907179729351506	12.207413029781549	9.77851570501903	4.794537184071822	13.17124514302446	0.0	11.600939890232516	48.53093654769288	30.685655172119	10.586084805438322	27.497182464968155	34.914006681289216	0.0	10.30076712495354	0.0	6.176298517443475	17.68124919068985	77.07415998805435	11.49902366656781	20.68722876581904	29.340554876463408	11.49902366656781	11.600939890232516	23.96994474531397	6.176298517443475	0.0	16.051916670617278	60.79414718776757	5.022633313741326	0.0	92.35	22.793497835219867	22.760319511168102	0.0	17.288493998883528	17.186409941251373	12.13273413692322	25.37724969121349	30.33183534230805	0.0	20.9343443329662	16.337802844032566	44.47480425652903	5.568014615436455	27.704457020430112	6.826069682816981	-0.5468369560238577	0.460043132229927	11.597059144995194	-3.210188320537026	0.0	1.4876885352342903	0.0952380952380952	32.0	3.0	7.0	0.0	0.0	0.0	2.0	1.0	3.0	4.0	3.0	11.0	5.0	0.0	0.0	0.0	3.0	5.549700000000003	113.2386	0.0	0.0	0.0	1.0	0.0	0.0	2.0	2.0	0.0	1.0	3.0	0.0	0.0	0.0	0.0	0.0	0.0	3.0	0.0	3.0	2.0	0.0	2.0	0.0	0.0	1.0	0.0	4.0	0.0	0.0	0.0	0.0	0.0	0.0	0.0	0.0	0.0	0.0	0.0	0.0	0.0	0.0	0.0	0.0	1.0	0.0	0.0	0.0	0.0	0.0	0.0	1.0
Irinotecan	13.581172940208692	13.581172940208692	0.0951330290594056	-1.863973747550237	0.3559555692291821	548.3850000000003	586.279134936	226.0	0.4147281886749819	-0.4581977281257881	0.4581977281257881	0.4147281886749819	1.069767441860465	1.837209302325581	2.558139534883721	16.557199089706828	9.856922713095724	2.451909748148627	-2.393220822679045	2.4049683845544263	-2.4830572307888645	5.900349151695941	-0.1718401371616819	3.406013790325312	1.1632844241317224	1685.1199554438626	29.879739930764963	24.85644893119235	24.85644893119235	20.817048796132656	15.65470635889375	15.65470635889375	12.235910395889263	12.235910395889263	9.965617272105158	9.965617272105158	7.470643971301112	7.470643971301112	-3.76	8813764337.667715	28.03622737090953	10.749003948713428	4.53453316673796	249.75556271695103	28.94717241193312	12.356393797796825	5.601050810983688	0.0	5.559266895052007	12.062545358890263	4.794537184071822	14.573052889090851	0.0	0.0	20.268296022307258	81.44336231492466	35.6444808388319	29.012764604922754	24.169327670584444	22.965470290971325	0.0	19.35089763043952	0.0	83.58775577042047	26.1790256236503	56.87307831975825	17.137367822980828	10.296129848852056	4.794537184071822	5.749511833283905	0.0	68.74083683696874	34.704910942207064	0.0	74.62621010372528	29.060005457918265	0.0	22.29078092177798	114.2	11.570356098935536	19.49013894705617	0.0	24.68021055342935	60.361202476186506	34.871471161327065	32.35197768060318	23.6235709844052	17.032643867773697	11.823646930541102	14.457704428547306	12.71627037112628	0.0	48.53387816811252	12.0353838864164	2.3848356394347143	-0.2655996048981432	7.767862197184429	6.261551748089342	7.649150927867793	0.0	0.5151515151515151	43.0	1.0	10.0	0.0	4.0	4.0	1.0	2.0	3.0	9.0	1.0	10.0	4.0	0.0	2.0	2.0	7.0	4.091100000000004	159.94579999999968	1.0	0.0	0.0	2.0	0.0	0.0	2.0	2.0	0.0	4.0	0.0	0.0	0.0	0.0	2.0	0.0	0.0	0.0	0.0	1.0	0.0	1.0	1.0	5.0	1.0	2.0	0.0	0.0	0.0	0.0	0.0	1.0	0.0	0.0	0.0	0.0	0.0	0.0	0.0	0.0	0.0	2.0	0.0	0.0	2.0	0.0	0.0	0.0	0.0	0.0	0.0	0.0
Erlotinib	5.857396779890918	5.857396779890918	0.392174356427603	0.392174356427603	0.4178840975839869	370.2590000000002	393.168856216	150.0	0.1629950936414515	-0.4872695203914322	0.4872695203914322	0.1629950936414515	0.9310344827586208	1.6551724137931034	2.3448275862068964	16.54743684328044	10.152772629222422	2.127142309447516	-2.149806213511916	2.3466494563658027	-2.0864608068912367	5.926346383776923	0.1322119860219171	2.7455759043014254	1.9569167353908143	1001.0042022970772	20.476480726871785	16.474649631118567	16.474649631118567	14.24504470051759	9.107799662785103	9.107799662785103	6.071032106686076	6.071032106686076	4.082844815672017	4.082844815672017	2.6826134594313507	2.6826134594313507	-3.34	4235838.812669483	20.395692002202136	10.271588954277956	5.347720173143325	169.5322632278569	24.264240419206526	25.35894678162541	11.49902366656781	0.0	0.0	0.0	0.0	9.967957041894415	0.0	6.423349895620259	11.986801387317254	24.26546827384644	36.92302413186203	18.730464646642098	18.9474518152002	22.40817398459965	0.0	9.967957041894415	0.0	0.0	45.96391154461307	48.2889739772312	23.84280788104371	14.790514511606428	11.50524905251859	11.49902366656781	0.0	50.61507998250116	9.473725907600098	12.343784214475903	5.563451491696996	42.7255224855342	0.0	10.902924932081056	74.73000000000002	0.0	0.0	0.0	0.0	43.74441430245451	22.153762698461616	6.3273200747645415	14.219595082555069	36.39820241076966	21.20517996475639	25.37080171082045	21.801771191071715	0.0	8.754103465077492	4.096557301741735	2.3431613389549906	4.443107152704465	11.25804627251954	6.994191360636236	1.7256948446942135	3.2500337392662777	0.2727272727272727	29.0	1.0	7.0	0.0	0.0	0.0	2.0	1.0	3.0	7.0	1.0	7.0	10.0	0.0	0.0	0.0	3.0	3.405100000000002	111.93970000000004	0.0	0.0	0.0	2.0	0.0	0.0	0.0	0.0	0.0	2.0	1.0	0.0	0.0	0.0	0.0	0.0	0.0	0.0	0.0	0.0	2.0	0.0	2.0	1.0	0.0	4.0	0.0	0.0	0.0	0.0	0.0	0.0	2.0	0.0	0.0	0.0	0.0	0.0	0.0	0.0	0.0	0.0	0.0	0.0	0.0	0.0	0.0	1.0	0.0	0.0	2.0	0.0
Gemcitabine	13.700872071050645	13.700872071050645	0.1140556237927266	-3.7132752267573705	0.6120873727300362	252.112	263.071762272	100.0	0.3513137985497584	-0.393564363221731	0.393564363221731	0.3513137985497584	1.6111111111111112	2.2777777777777777	2.7777777777777777	19.28589249751451	10.11325994553251	2.5898329279445536	-2.203522994767576	2.4136828214623733	-2.4135057066652084	5.233433797727158	-0.1404876149228322	2.518361940873329	2.419121977701633	506.83126955905954	13.499635521070497	9.032488305270316	9.032488305270316	8.374245891192093	5.044753463050231	5.044753463050231	3.87108789342856	3.87108789342856	2.663557921514029	2.663557921514029	1.7228616480990466	1.7228616480990466	-1.58	10211.95767024135	12.866060785008983	4.264616604979357	1.854653253504145	99.43404632324696	20.683585220643646	11.92182916558333	6.103966387748303	6.22790117073487	0.0	11.61227256629805	4.567099647791355	4.794537184071822	13.764808616296849	0.0	0.0	6.06636706846161	6.196843571613076	6.606881964512918	23.7307478388311	5.817862777835028	0.0	9.551078168738565	0.0	24.358363114326053	12.340549441675105	22.74749122234998	0.0	11.423410875365658	14.598692873184667	0.0	0.0	44.50147686652407	4.736862953800049	0.0	6.22790117073487	17.057747824146507	0.0	0.0	110.6	36.65498847704245	18.681894674262168	0.0	5.817862777835028	4.567099647791355	12.263210640074686	0.0	0.0	0.0	4.9839785209472085	15.57705782580294	32.70181783824641	0.0	14.71819822373394	18.10387760351054	4.209688995968757	-3.827330850550097	1.1522751322751323	-4.687900132275133	-0.7872934775762155	0.0	0.5555555555555556	18.0	4.0	7.0	0.0	1.0	1.0	0.0	1.0	1.0	7.0	3.0	9.0	2.0	0.0	1.0	1.0	2.0	-1.2886	54.85900000000001	2.0	2.0	1.0	2.0	0.0	0.0	0.0	0.0	0.0	2.0	0.0	1.0	0.0	0.0	0.0	0.0	0.0	2.0	0.0	0.0	1.0	0.0	0.0	0.0	0.0	1.0	0.0	2.0	0.0	0.0	0.0	0.0	0.0	0.0	0.0	0.0	0.0	0.0	0.0	0.0	0.0	0.0	0.0	0.0	0.0	0.0	0.0	0.0	0.0	0.0	0.0	0.0
Bortezomib	12.826666981607458	12.826666981607458	0.0919305608045688	-1.6949844256139357	0.4630461526225883	359.0450000000001	384.19688568	148.0	0.4749647122685063	-0.4257360952865367	0.4749647122685063	0.4257360952865367	1.1071428571428572	1.821428571428572	2.392857142857143	16.37868724573293	9.74596434846049	2.2988982874270163	-2.238719589157012	2.085081534630695	-2.5462629974704805	6.432550792701835	-0.1230092548064984	2.6752263701822323	2.1619332305440584	759.0436469670761	20.51829709012868	15.947767755576168	15.947767755576168	13.363081100704116	9.13789914488264	9.13789914488264	6.964666142522541	6.964666142522541	4.113162282885618	4.113162282885618	2.753966930279588	2.753966930279588	-2.7750649350649352	1408881.2155927708	21.524172160754688	10.531039362336648	6.750183039885146	164.11611240521268	20.68162235814467	11.735768823996422	0.0	5.907179729351506	5.907179729351506	7.118392334224363	14.573052889090851	4.9839785209472085	0.0	0.0	44.179309741689295	17.9021791607844	18.81450876615216	12.138036169478871	19.63711951827565	18.932751792927373	0.0	20.60153424990708	5.917906046161393	38.67215107224702	0.0	60.17974554369273	0.0	10.633577208012662	0.0	0.0	0.0	50.93178741196756	11.21535880699783	5.917906046161393	36.320212692924535	48.92236605714727	0.0	0.0	124.44	30.91578521994113	19.63711951827565	0.0	18.032655663935863	6.4208216229260096	5.563451491696996	18.59053071483923	0.0	44.179309741689295	20.60153424990708	0.0	0.0	0.0	33.07797794477448	24.450794335551283	0.9456827653901068	-1.7203417003471129	8.326027304542365	4.78381958130921	3.8310241943936014	-1.6949844256139357	0.3684210526315789	28.0	4.0	8.0	0.0	0.0	0.0	1.0	1.0	2.0	6.0	4.0	9.0	9.0	0.0	0.0	0.0	2.0	0.3605999999999996	105.00950000000005	0.0	0.0	0.0	2.0	0.0	0.0	2.0	2.0	0.0	2.0	2.0	0.0	0.0	0.0	0.0	0.0	0.0	0.0	0.0	2.0	0.0	0.0	1.0	0.0	0.0	0.0	0.0	0.0	0.0	0.0	0.0	0.0	0.0	0.0	0.0	0.0	0.0	0.0	0.0	0.0	0.0	0.0	0.0	0.0	0.0	0.0	0.0	0.0	0.0	0.0	0.0	0.0
Tamoxifen	5.87098820026174	5.87098820026174	0.692414393800577	0.692414393800577	0.4505726789966775	342.29200000000014	371.224914548	144.0	0.1189033312305009	-0.4922644944709209	0.4922644944709209	0.1189033312305009	0.7142857142857143	1.25	1.7857142857142858	16.477564073801485	9.88076682180318	2.1249395124783543	-2.1681057449852266	2.3435768561106136	-2.1889487244379646	5.98085220926278	0.2611505744063251	2.734871206978104	1.9959473772927907	880.7355335102352	19.769373945685235	17.059685998178228	17.059685998178228	13.685871848001629	9.90684881871516	9.90684881871516	7.115272621558707	7.115272621558707	4.790265908287313	4.790265908287313	3.348420112266566	3.348420112266566	-2.839999999999999	2692338.48996718	19.908794575753564	9.910993617354528	5.113643813383921	168.6489043143239	9.636772684650529	12.356393797796825	0.0	0.0	0.0	0.0	0.0	0.0	0.0	0.0	79.72014202122996	60.48546326043312	6.544756405912575	0.0	4.736862953800049	11.146209060138537	0.0	4.899909730850478	0.0	13.344558822616634	27.246982335779872	101.61949343355356	5.749511833283905	4.736862953800049	0.0	5.749511833283905	0.0	32.14689206663035	0.0	0.0	30.03491329770761	84.92913895846256	0.0	11.146209060138537	12.47	0.0	0.0	0.0	0.0	6.606881964512918	18.71508986212249	27.83656353522952	0.0	0.0	110.84812985435806	4.736862953800049	5.87098820026174	0.0	2.123016167567936	0.0	6.369187126105418	0.9127511652809271	29.82059562467509	0.9675864004922444	3.8262552088248265	4.109620106791824	0.2307692307692307	28.0	0.0	2.0	0.0	0.0	0.0	3.0	0.0	3.0	2.0	0.0	2.0	8.0	0.0	0.0	0.0	3.0	5.9961000000000055	119.58200000000004	0.0	0.0	0.0	0.0	0.0	0.0	0.0	0.0	0.0	1.0	0.0	0.0	0.0	1.0	0.0	0.0	0.0	0.0	1.0	0.0	0.0	0.0	3.0	0.0	0.0	1.0	0.0	0.0	0.0	0.0	0.0	0.0	0.0	0.0	0.0	0.0	0.0	0.0	0.0	0.0	0.0	0.0	0.0	0.0	0.0	0.0	0.0	0.0	0.0	0.0	0.0	0.0
Fulvestrant___1200	12.95233594691492	12.95233594691492	0.0194992339832502	-5.542129730703803	0.1265427129787013	559.4060000000001	606.316607464	234.0	0.4527318597141327	-0.6163437338250591	0.6163437338250591	0.4527318597141327	0.926829268292683	1.5853658536585369	2.292682926829268	32.227821212013616	9.5176543954103	2.571828320727373	-2.528615552839037	2.623939057565813	-2.4676781387253848	7.908640490883735	-0.283788466698124	3.201505430508844	1.1482195558305015	988.5703683111384	29.838288046437583	24.240363570662097	25.056860151589824	19.33215401017807	15.626694705472667	17.11472857718525	13.192683446783285	14.888832838965902	10.559530831654971	12.047564703367556	8.283545498228262	9.480081906848907	-1.0600000000000005	781031347.5040078	32.84549979401724	13.710248812985352	7.724345079597983	244.4129401678271	14.765804663371776	17.255219046777484	0.0	0.0	0.0	12.098827685538051	0.0	0.0	21.9520752383741	0.0	56.27006685616757	110.13364638069366	6.4208216229260096	6.103966387748303	36.717879901745874	11.175854473385288	0.0	0.0	23.16870860788096	127.35676166302856	11.505707213493578	29.32600418877882	5.749511833283905	0.0	21.9520752383741	5.749511833283905	0.0	44.4743059501517	17.5966760963113	23.16870860788096	113.8600489502102	18.19910120538483	0.0	0.0	63.52	36.11632540477536	36.717879901745874	0.0	17.27181046389187	41.59481124760228	77.04985947511214	11.126902983393991	0.0	12.13273413692322	12.990104268152232	0.0	74.51272203673797	-1.354989263717313	0.0	20.97700947791931	2.7255327562614275	-1.914025678071536	5.916987984589773	5.97315119734432	2.3025003778249378	0.0	0.8125	41.0	2.0	3.0	3.0	0.0	3.0	1.0	0.0	1.0	3.0	2.0	9.0	14.0	2.0	0.0	2.0	4.0	8.682600000000003	152.6519999999998	1.0	1.0	0.0	0.0	0.0	1.0	0.0	0.0	0.0	0.0	0.0	0.0	0.0	0.0	0.0	0.0	0.0	5.0	0.0	0.0	0.0	0.0	1.0	5.0	0.0	0.0	0.0	5.0	0.0	0.0	0.0	0.0	0.0	0.0	0.0	0.0	0.0	0.0	0.0	1.0	1.0	0.0	0.0	0.0	0.0	0.0	0.0	0.0	0.0	0.0	6.0	0.0
Fulvestrant___1816	12.95233594691492	12.95233594691492	0.0194992339832502	-5.542129730703803	0.1265427129787013	559.4060000000001	606.316607464	234.0	0.4527318597141327	-0.6163437338250591	0.6163437338250591	0.4527318597141327	0.926829268292683	1.5853658536585369	2.292682926829268	32.227821212013616	9.5176543954103	2.571828320727373	-2.528615552839037	2.623939057565813	-2.4676781387253848	7.908640490883735	-0.283788466698124	3.201505430508844	1.1482195558305015	988.5703683111384	29.838288046437583	24.240363570662097	25.056860151589824	19.33215401017807	15.626694705472667	17.11472857718525	13.192683446783285	14.888832838965902	10.559530831654971	12.047564703367556	8.283545498228262	9.480081906848907	-1.0600000000000005	781031347.5040078	32.84549979401724	13.710248812985352	7.724345079597983	244.4129401678271	14.765804663371776	17.255219046777484	0.0	0.0	0.0	12.098827685538051	0.0	0.0	21.9520752383741	0.0	56.27006685616757	110.13364638069366	6.4208216229260096	6.103966387748303	36.717879901745874	11.175854473385288	0.0	0.0	23.16870860788096	127.35676166302856	11.505707213493578	29.32600418877882	5.749511833283905	0.0	21.9520752383741	5.749511833283905	0.0	44.4743059501517	17.5966760963113	23.16870860788096	113.8600489502102	18.19910120538483	0.0	0.0	63.52	36.11632540477536	36.717879901745874	0.0	17.27181046389187	41.59481124760228	77.04985947511214	11.126902983393991	0.0	12.13273413692322	12.990104268152232	0.0	74.51272203673797	-1.354989263717313	0.0	20.97700947791931	2.7255327562614275	-1.914025678071536	5.916987984589773	5.97315119734432	2.3025003778249378	0.0	0.8125	41.0	2.0	3.0	3.0	0.0	3.0	1.0	0.0	1.0	3.0	2.0	9.0	14.0	2.0	0.0	2.0	4.0	8.682600000000003	152.6519999999998	1.0	1.0	0.0	0.0	0.0	1.0	0.0	0.0	0.0	0.0	0.0	0.0	0.0	0.0	0.0	0.0	0.0	5.0	0.0	0.0	0.0	0.0	1.0	5.0	0.0	0.0	0.0	5.0	0.0	0.0	0.0	0.0	0.0	0.0	0.0	0.0	0.0	0.0	0.0	1.0	1.0	0.0	0.0	0.0	0.0	0.0	0.0	0.0	0.0	0.0	6.0	0.0
Trametinib	14.795061696223735	14.795061696223735	0.0804386337868483	-0.5808116232412763	0.3312388051900211	592.2189999999999	615.0778804360001	190.0	0.3358740416193368	-0.3384417945763914	0.3384417945763914	0.3358740416193368	1.0810810810810811	1.8108108108108107	2.45945945945946	126.9127045370368	10.127773175296602	2.313186140695965	-2.205820908587504	2.3396744598942645	-2.408653091339592	14.111919460196564	-0.1137380785724292	3.665040161567932	1.9041474425189264	1785.4906151303428	26.593129169275663	20.263578610263885	22.42107690144021	17.57829515586738	11.591018781120155	12.669767926708316	9.06637895390834	10.312011173095144	6.36424518853392	7.035236291860009	4.499591066807253	4.952787799792361	-3.7399999999999993	271183013.9177463	24.932467974676506	9.28755395660562	4.365407598815115	223.23806440459376	10.633577208012662	17.02130783334572	0.0	5.907179729351506	11.118533790104015	5.689743398203474	28.08491049558953	9.184952231746642	0.0	0.0	6.06636706846161	78.75445348338037	34.83427004896173	16.891473266983386	9.184952231746642	56.59361061570277	0.0	13.701298943374065	7.04767198267719	32.730958474381225	10.633577208012662	88.60731282356251	5.687386274683562	27.44185439632016	21.58305037487697	0.0	22.590870627068057	19.60847867272557	11.842209166749011	16.311140311801914	31.3706727663876	56.848181031446735	0.0	16.590311206764618	107.13	22.625498029353384	23.568563783962105	0.0	39.92064603479611	27.78659806628454	0.0	39.805442262665096	37.255572541998674	22.590870627068057	10.633577208012662	0.0	19.269684152139245	1.990888237314064	52.572340177506405	5.722519010423363	-0.3512667885083018	-0.7526054858771312	10.905917955611663	1.3449276764067526	2.9220973722072103	1.4954976927767332	0.2307692307692307	37.0	2.0	9.0	1.0	0.0	1.0	2.0	2.0	4.0	8.0	2.0	11.0	5.0	1.0	0.0	1.0	5.0	3.940120000000002	148.75739999999982	0.0	0.0	0.0	3.0	0.0	0.0	1.0	1.0	0.0	3.0	2.0	0.0	0.0	0.0	0.0	0.0	0.0	0.0	0.0	1.0	3.0	1.0	2.0	1.0	0.0	0.0	0.0	2.0	0.0	0.0	0.0	0.0	0.0	0.0	0.0	0.0	0.0	0.0	0.0	0.0	0.0	0.0	0.0	0.0	1.0	0.0	0.0	0.0	0.0	0.0	0.0	0.0
Dabrafenib	15.679012188208617	15.679012188208617	0.0213479002615564	-4.77700240623874	0.3670492157866047	499.4140000000002	519.1010515400001	182.0	0.2673565397400692	-0.3677745444908211	0.3677745444908211	0.2673565397400692	0.9714285714285714	1.6285714285714286	2.257142857142857	32.23329072853188	9.97877281366796	2.281921633794077	-2.13640990097994	2.4158852920095053	-2.171044872722832	7.923507207488535	0.5205953417639618	3.205370439808976	1.8543520189628484	1512.3966074924406	25.543241116511	18.80467979008964	20.437672951945093	16.380865845904957	10.2417269765075	12.54138680502962	8.570226607286957	11.188543385132082	4.861436867417769	7.78116212646452	3.226049135509025	5.531793052489422	-3.51	47379897.87806724	24.609405400366068	8.930450213513243	4.842300406739031	203.50889639034105	5.733667477162185	11.63444168209179	10.71270431656367	5.948339280986494	10.023291153407584	0.0	4.722094864452088	36.54097769019502	0.0	11.336785877934735	32.903945735995094	30.33183534230805	17.17528553270685	26.960013154934547	21.589042127353395	32.99580258701238	0.0	14.951935562841626	0.0	31.081685543986428	10.455762341614273	71.12069927083479	21.82845467509522	10.455762341614273	24.80697069869452	0.0	11.336785877934735	23.36973254717056	15.438281622804364	17.451662523137685	25.77883529592464	53.55689652636213	0.0	21.82845467509522	110.86	38.05782342674661	17.198627079678577	4.39041504767482	22.62070923692873	15.578698885402527	24.26546827384644	29.66636358647104	6.06636706846161	25.49330646352396	14.951935562841626	5.733667477162185	71.22642016692589	1.2901277743203696	12.014842203728092	0.6791621769167315	5.455886083795605	-3.5472644771556965	8.204879660459271	1.460109724153389	5.82617242642842	-4.77700240623874	0.1739130434782608	35.0	3.0	7.0	0.0	0.0	0.0	2.0	2.0	4.0	7.0	2.0	12.0	5.0	0.0	0.0	0.0	4.0	5.364900000000003	128.81290000000004	0.0	0.0	1.0	3.0	0.0	0.0	0.0	0.0	0.0	3.0	1.0	1.0	0.0	0.0	0.0	0.0	0.0	0.0	0.0	0.0	2.0	0.0	2.0	0.0	0.0	0.0	0.0	3.0	0.0	0.0	0.0	0.0	0.0	0.0	0.0	0.0	0.0	0.0	0.0	0.0	0.0	0.0	0.0	0.0	0.0	1.0	0.0	0.0	1.0	0.0	0.0	0.0
Temozolomide	11.395483749055176	11.395483749055176	0.0599999999999996	-0.740691609977324	0.5601191738811692	188.106	194.055223432	72.0	0.3521949644694161	-0.364134749518251	0.364134749518251	0.3521949644694161	1.5714285714285714	2.2857142857142856	2.9285714285714284	16.153111039690877	10.428289218910017	2.131140988863069	-1.9455415117637287	1.995455899515156	-2.271716191878145	5.959850310467227	0.0997130155125892	2.550863382231209	2.906324847582418	567.1956839082804	10.292528739883949	7.207265096806768	7.207265096806768	6.6090609052806215	3.6785687888028513	3.6785687888028513	2.6466598556297707	2.6466598556297707	1.732210742462034	1.732210742462034	1.054941054361722	1.054941054361722	-2.2500000000000004	2040.690705784967	8.352845059592465	2.6198926454093896	0.969381543705868	76.96785318779364	5.733667477162185	6.3273200747645415	11.341105215616189	0.0	5.907179729351506	5.689743398203474	4.794537184071822	14.179210311280825	4.681802935145185	5.098681808301038	5.213385095654868	0.0	7.04767198267719	0.0	4.794537184071822	11.554356950119232	0.0	24.378542966310093	12.781339459839376	0.0	0.0	22.50552865188829	0.0	11.423410875365658	0.0	0.0	0.0	30.2857226956616	7.04767198267719	0.0	10.488465178920285	11.121857258836364	0.0	5.647177220767728	108.17000000000002	11.59692312755498	9.589074368143644	0.0	11.341105215616189	0.0	9.082497541406978	13.37499205744173	0.0	0.0	15.296045424903111	5.733667477162185	2.131494708994709	0.0	25.90685326908541	7.143055555555556	4.595841836734695	-0.740691609977324	0.0	1.1869444444444444	0.0	1.443168461829176	0.1666666666666666	14.0	2.0	8.0	0.0	0.0	0.0	0.0	2.0	2.0	7.0	1.0	8.0	1.0	0.0	0.0	0.0	2.0	-2.078099999999999	44.5409	0.0	0.0	0.0	5.0	0.0	0.0	1.0	1.0	0.0	5.0	0.0	1.0	0.0	0.0	0.0	0.0	0.0	0.0	0.0	1.0	0.0	1.0	0.0	1.0	0.0	0.0	0.0	0.0	1.0	0.0	0.0	0.0	0.0	0.0	0.0	0.0	0.0	0.0	0.0	0.0	0.0	0.0	0.0	1.0	0.0	0.0	0.0	0.0	0.0	0.0	0.0	0.0
Ruxolitinib	9.179872779971085	9.179872779971085	0.1664840797430082	0.1664840797430082	0.7996787783250496	288.229	306.159294576	116.0	0.1408056299073117	-0.3460346639443202	0.3460346639443202	0.1408056299073117	1.3478260869565215	2.217391304347826	3.0434782608695654	15.284950967806706	9.958328474206164	2.267967347724344	-2.206904996559329	2.362071224244801	-2.170495146294738	5.894621818580904	0.3145806098620954	3.324335398761089	1.701320839413269	849.2211356700518	15.6480536021256	12.81305376775991	12.81305376775991	11.364504642955708	8.061480309016524	8.061480309016524	6.145373004065925	6.145373004065925	4.813106787001562	4.813106787001562	3.6560096957460417	3.6560096957460417	-2.68	488454.5731461632	13.947001756455784	5.840473735712772	2.482270158107101	133.7321371402767	4.9839785209472085	11.97449729553227	0.0	0.0	0.0	0.0	4.681802935145185	9.967957041894415	10.360573363039524	0.0	12.84164324585202	24.82591636047502	23.343362849387944	30.422655331327785	0.0	11.033401435232523	5.261891554738487	24.73242030628785	5.917906046161393	38.14594894377801	0.0	30.98421785806538	17.32660079933773	0.0	0.0	0.0	0.0	24.73242030628785	0.0	17.249018913692154	38.14594894377801	30.98421785806538	0.0	22.29078092177798	83.17999999999999	0.0	5.261891554738487	0.0	6.041840829147961	12.338727669087405	22.29078092177798	25.68328649170404	6.3273200747645415	29.338700718446024	26.119838683934937	0.0	1.9673970143613	0.0	11.743828163011964	14.712614260822685	2.6756334246661635	0.5556265747039556	4.470636705299404	12.70759719046786	0.0	0.0	0.4117647058823529	23.0	1.0	6.0	1.0	0.0	1.0	0.0	3.0	3.0	5.0	1.0	6.0	4.0	1.0	0.0	1.0	4.0	3.466380000000001	86.33470000000003	0.0	0.0	0.0	5.0	1.0	0.0	0.0	0.0	0.0	5.0	1.0	0.0	0.0	0.0	0.0	1.0	0.0	0.0	0.0	0.0	0.0	0.0	0.0	1.0	0.0	0.0	0.0	0.0	0.0	0.0	0.0	0.0	0.0	0.0	1.0	0.0	0.0	0.0	0.0	0.0	0.0	0.0	0.0	0.0	0.0	0.0	0.0	0.0	0.0	0.0	0.0	0.0
Epirubicin	13.6430570574891	13.6430570574891	0.0172524144593047	-2.2407371425638924	0.2352625816856561	514.2930000000003	543.1740607479999	208.0	0.2016312814501292	-0.5068479547044316	0.5068479547044316	0.2016312814501292	1.1538461538461535	1.8461538461538465	2.4871794871794872	16.69333232377028	9.715574702488947	2.497373679420671	-2.418002753095416	2.5210946624306705	-2.5254766490669858	6.310532857660568	-0.2468575077463173	2.9047365340290137	1.6862632099701684	1376.5187409654486	28.38602238808912	21.210137267735792	21.210137267735792	18.427777117237813	12.411801735393013	12.411801735393013	10.159933060518698	10.159933060518698	7.805280422640822	7.805280422640822	5.750258572698188	5.750258572698188	-3.39	374870204.0707537	27.187262938747462	9.662462759118538	4.111772825118512	222.0813970275672	45.47689331276586	29.456468275348325	17.85651662206509	5.783244946364939	0.0	0.0	14.383611552215466	0.0	0.0	0.0	12.13273413692322	12.990104268152232	41.994660173016975	42.112051179613424	54.12683738781914	17.34973483909482	0.0	0.0	5.733667477162185	62.43101960118041	13.716679505790452	51.5798101555668	17.248535499851716	10.470530430962237	0.0	17.248535499851716	0.0	86.73990246405225	20.68908471459793	0.0	68.83913015161656	18.19910120538483	0.0	0.0	206.07	95.6690042321333	39.91624852641899	0.0	34.4241394229979	0.0	0.0	25.30889874666236	6.923737199690624	0.0	0.0	19.944256338562333	16.992219914907572	0.0	39.73908207424436	53.69213165007618	2.373741684889566	-3.774704747880252	3.63515611968848	-5.122799847545572	0.5596546492817411	1.3221851690045994	0.4444444444444444	39.0	7.0	12.0	2.0	1.0	3.0	2.0	0.0	2.0	12.0	6.0	12.0	5.0	0.0	1.0	1.0	5.0	0.0012999999999993	131.75439999999995	3.0	2.0	0.0	0.0	0.0	2.0	3.0	3.0	0.0	0.0	0.0	1.0	0.0	0.0	0.0	0.0	0.0	0.0	0.0	0.0	0.0	0.0	2.0	3.0	0.0	3.0	0.0	0.0	0.0	3.0	1.0	0.0	1.0	0.0	0.0	0.0	0.0	0.0	0.0	2.0	2.0	0.0	0.0	0.0	0.0	0.0	0.0	0.0	0.0	0.0	0.0	0.0
Cyclophosphamide	12.18854938271605	12.18854938271605	0.4225385802469137	-2.842183641975309	0.6057206690801091	245.969	260.02481971	84.0	0.3429836890948602	-0.3059663452603789	0.3429836890948602	0.3059663452603789	1.3571428571428572	2.0	2.4285714285714284	35.4967533905399	10.47255486891282	2.322882575646733	-2.3252888840554204	2.474876048497203	-2.3541850330031244	7.539263117101801	0.2326480263622974	2.186110700925019	2.5822640284816734	201.8664756744443	10.441311299868556	7.91660018625193	10.322885269288754	6.726492059082182	4.597961710466702	7.244517016956578	2.946927543711581	5.88378677298446	1.9566243352797223	4.5951889486174045	1.278310390784733	3.920544174917886	0.69	1442.8330626105126	12.758073519400952	6.311144001092418	3.36838444118429	94.44153500749827	4.5237471617118175	0.0	0.0	0.0	0.0	7.670279738874966	4.565048284931329	9.757711252998453	0.0	23.20187978046503	0.0	6.4208216229260096	31.394276107678404	6.606881964512918	9.088795446643148	30.87215951934	0.0	9.757711252998453	0.0	6.4208216229260096	38.00115807219132	0.0	0.0	5.0872950630771525	0.0	0.0	30.87215951934	42.67157426211261	9.088795446643148	0.0	6.4208216229260096	0.0	0.0	0.0	41.57000000000001	7.670279738874966	4.565048284931329	0.0	0.0	31.456401666278747	12.965578028838586	0.0	4.6704161899213	0.0	5.0872950630771525	27.72562694217685	19.17487654320988	11.248020754598135	0.0	2.9071604938271607	0.0	0.8450771604938274	0.0	0.8884722222222223	2.3063542454018644	-2.842183641975309	1.0	14.0	1.0	4.0	0.0	1.0	1.0	0.0	0.0	0.0	2.0	1.0	7.0	5.0	0.0	1.0	1.0	1.0	1.884	59.19120000000004	0.0	0.0	0.0	0.0	0.0	0.0	0.0	0.0	0.0	1.0	1.0	0.0	0.0	0.0	0.0	0.0	0.0	2.0	0.0	0.0	0.0	0.0	0.0	0.0	0.0	0.0	0.0	2.0	0.0	0.0	0.0	0.0	0.0	0.0	0.0	0.0	0.0	0.0	0.0	0.0	0.0	0.0	0.0	0.0	0.0	0.0	0.0	0.0	0.0	0.0	0.0	0.0
Lapatinib	13.43080267349532	13.43080267349532	0.0663616872403092	-3.0189964704993364	0.1794794929805593	554.8610000000002	580.1347322120001	206.0	0.1482046266228122	-0.4873439231472526	0.4873439231472526	0.1482046266228122	1.025	1.9	2.7	35.4956930961535	10.096909029653451	2.1141121911683807	-2.1211392275794743	2.324747736706812	-2.2115634267962685	7.902111016768615	0.3055804223032274	3.3922507391730585	1.291877087026654	1760.5816038855614	28.11430892837647	21.52557821354901	23.0980037404952	19.23129794297471	12.395212290053273	14.833690279846518	9.21561269991148	11.88256533725122	6.008345079265792	7.249420413511956	4.026938249729609	4.777163731713349	-3.989999999999999	1089671666.2054772	27.572125089822265	12.033712839100875	7.14680707641382	235.65015567569452	19.78759109886606	51.67654546560868	0.0	0.0	0.0	0.0	0.0	22.77616907389817	0.0	0.0	23.733674027155736	66.2271221763131	29.437587570269333	22.83694404401696	21.962225922857154	43.84636701124967	0.0	15.284745645900747	0.0	13.151638370425491	23.8701678001771	101.28727796166254	17.07321074385534	15.370440161812713	15.89566410019341	5.749511833283905	11.600939890232516	36.939133222394126	22.988891506843	5.817220841045895	11.323698910571435	83.54087583335722	5.022633313741326	22.226623842652494	106.35	9.837253136417502	12.808212032003755	0.0	18.1769564123056	52.45085334081485	16.466376423778055	24.71582339519917	24.26546827384644	36.39820241076966	20.60153424990708	20.75495378108592	47.77016383386254	6.467436423952425	8.79698874038175	7.555419093540143	2.991532856334796	2.1726441865322363	20.97804452970269	2.6916802072288206	0.9561977100750518	-3.0189964704993364	0.1724137931034483	40.0	2.0	8.0	0.0	0.0	0.0	3.0	2.0	5.0	8.0	2.0	11.0	11.0	0.0	0.0	0.0	5.0	6.139100000000005	154.12419999999975	0.0	0.0	0.0	2.0	0.0	0.0	0.0	0.0	0.0	2.0	2.0	0.0	0.0	0.0	0.0	0.0	0.0	0.0	0.0	0.0	2.0	0.0	3.0	1.0	0.0	1.0	1.0	2.0	0.0	0.0	0.0	0.0	0.0	0.0	0.0	0.0	0.0	0.0	0.0	0.0	0.0	0.0	0.0	0.0	0.0	0.0	1.0	0.0	0.0	0.0	1.0	0.0
Ibrutinib	12.171746863948997	12.171746863948997	0.0056600235803678	-0.069879863210716	0.4667032430058404	416.31500000000017	440.196074008	166.0	0.2455269344984989	-0.4573838297829987	0.4573838297829987	0.2455269344984989	1.0909090909090908	1.8484848484848484	2.606060606060606	16.480553808688086	10.058250060298896	2.2752268652321987	-2.3181711314498834	2.344176914114422	-2.396825551206686	5.979350275130436	-0.1271464774183895	3.2570654708796614	1.5007676073343366	1299.9886996136902	22.78588180363029	18.09365196382539	18.09365196382539	16.135361590784807	10.871604573870938	10.871604573870938	7.974613838059627	7.974613838059627	5.853475237486835	5.853475237486835	4.241172497550338	4.241172497550338	-4.199999999999998	59394803.66601083	20.68875669244497	8.73893664326605	4.025546244811654	190.8726799084402	15.370440161812713	29.33813451401584	5.647177220767728	5.907179729351506	0.0	0.0	4.794537184071822	14.6497599770396	5.098681808301038	0.0	24.778036888983326	55.31586576345556	18.652964303522147	11.428065043612756	9.53140013787187	22.758443942419056	0.0	24.64835151619112	0.0	18.88348407499998	18.82318028898733	73.57957948135142	22.756403153113265	10.470530430962237	5.817862777835028	11.49902366656781	0.0	43.64504405736778	4.794537184071822	0.0	18.88348407499998	73.57957948135142	0.0	22.29078092177798	99.16	0.0	4.794537184071822	0.0	11.949020558499466	35.63470501974116	29.904118404116826	12.403340181598423	4.899909730850478	59.27910655129967	16.546892725492913	15.569212239263273	7.793632778010275	0.0	22.65244652186432	5.616525798335863	8.52059370897009	1.8032790912538084	17.321361934766436	4.581419830522776	4.877407002943098	0.0	0.2	33.0	2.0	8.0	0.0	1.0	1.0	2.0	2.0	4.0	7.0	1.0	8.0	5.0	0.0	1.0	1.0	5.0	4.2173000000000025	126.73540000000004	0.0	0.0	1.0	4.0	0.0	0.0	1.0	1.0	0.0	5.0	0.0	1.0	0.0	0.0	1.0	0.0	0.0	0.0	0.0	1.0	1.0	0.0	2.0	1.0	0.0	1.0	0.0	0.0	0.0	0.0	0.0	0.0	0.0	0.0	0.0	0.0	0.0	0.0	1.0	0.0	0.0	1.0	0.0	0.0	0.0	0.0	0.0	0.0	0.0	0.0	0.0	0.0
Zoledronate	10.944576247165532	10.944576247165532	0.9565277777777776	-5.406512345679013	0.4319639935251941	262.01	271.99632392	92.0	0.3708832884531693	-0.3661592354743626	0.3708832884531693	0.3661592354743626	1.1875	1.6875	2.0	31.244091374531543	10.631648131620056	2.591615235244893	-2.2868443588474743	2.6745175129849748	-2.331644020838615	7.715223514122968	0.1148992405721604	2.517472310042988	3.1761221328810336	423.3520591950704	12.612884175122366	7.780576529182775	9.569430911182607	7.078298261984863	3.8718788138521374	7.096602748192274	3.0974170079477847	7.105989052793719	1.886910076721224	5.598988066819798	0.9791318992086452	3.031753526236641	-0.53	2336.2143037198925	13.53464124111183	4.047117678804553	2.411794114297736	89.69711683052209	29.247273453641963	0.0	0.0	0.0	5.083227620067512	15.19152465357577	9.130096569862658	4.9839785209472085	0.0	0.0	0.0	0.0	12.393687143226153	12.872076480677116	33.810270375713266	15.19152465357577	0.0	9.551078168738565	0.0	11.627984025980089	0.0	18.721007217990696	0.0	0.0	0.0	0.0	15.19152465357577	39.31447959465668	15.674852975775234	0.0	0.0	18.721007217990696	0.0	0.0	153.11	26.819508679555856	14.236623964703364	0.0	0.0	0.0	10.894419722555895	12.393687143226153	0.0	0.0	4.9839785209472085	19.5736464110099	22.845680272108844	0.0	38.74142888636936	6.037515432098767	0.0	0.0	0.0	3.506301335348954	-0.9567901234567904	-10.813024691358024	0.4	16.0	5.0	9.0	0.0	0.0	0.0	0.0	1.0	1.0	5.0	5.0	11.0	4.0	0.0	0.0	0.0	1.0	-1.1154000000000002	51.26500000000003	1.0	0.0	0.0	2.0	0.0	0.0	0.0	0.0	0.0	2.0	0.0	0.0	0.0	0.0	0.0	0.0	0.0	0.0	0.0	0.0	0.0	0.0	0.0	0.0	0.0	0.0	0.0	0.0	1.0	0.0	0.0	0.0	0.0	0.0	0.0	0.0	0.0	0.0	0.0	0.0	0.0	0.0	0.0	0.0	0.0	0.0	0.0	0.0	0.0	0.0	0.0	0.0
Carmustine	10.926882716049382	10.926882716049382	0.0964033761652809	-0.5775000000000003	0.4236058600444414	204.98	213.007181888	70.0	0.3399886072735221	-0.3352164224800899	0.3399886072735221	0.3352164224800899	1.4166666666666667	2.083333333333333	2.5	35.49675236402952	10.643879785127568	2.107688683600417	-2.1091442534777456	1.908520192349868	-2.3768889149927306	6.17956983212569	0.2027693325417447	2.0981299749838223	3.76615173955013	155.62875863456514	9.397341225498538	6.295279842692287	7.807137734729195	5.756748817474191	3.2646087692519266	4.333653736901624	1.8146854278028268	2.570614373821281	1.0000270167057954	1.3580401041561123	0.5049386495383064	0.7595380878653102	-0.55	417.5278650217807	11.45	7.118179477889437	4.353178980984177	79.94163789749994	5.316788604006331	0.0	0.0	0.0	0.0	6.031114512338072	0.0	4.794537184071822	5.008912523954532	28.10894502445332	0.0	0.0	18.30476329585325	11.830641126875284	4.794537184071822	29.232994292803102	0.0	10.325701127960862	5.2858847209627084	0.0	24.84951970176583	4.907065243988282	0.0	5.316788604006331	4.794537184071822	0.0	23.20187978046503	35.889546738058435	0.0	4.907065243988282	0.0	5.2858847209627084	0.0	0.0	61.77	6.031114512338072	9.701602428060104	0.0	12.424759850882914	17.433672374837446	0.0	0.0	0.0	0.0	10.60267332496904	23.20187978046503	0.0	10.609027935248172	20.94993008314437	5.553049571680524	0.0	0.4576856575963719	-0.5775000000000003	0.0	0.3966956412194509	0.0	0.8	12.0	1.0	5.0	0.0	0.0	0.0	0.0	0.0	0.0	3.0	1.0	7.0	5.0	0.0	0.0	0.0	0.0	1.157	47.339700000000015	0.0	0.0	0.0	0.0	0.0	0.0	1.0	1.0	0.0	2.0	1.0	0.0	0.0	0.0	0.0	0.0	0.0	2.0	0.0	2.0	0.0	0.0	0.0	0.0	0.0	0.0	0.0	2.0	0.0	0.0	0.0	0.0	0.0	0.0	0.0	0.0	0.0	1.0	0.0	0.0	0.0	0.0	0.0	0.0	0.0	0.0	0.0	0.0	0.0	0.0	0.0	1.0
Topotecan	13.230322622136292	13.230322622136292	0.1040724827624042	-1.8406696762599533	0.4865420212105028	398.2690000000002	421.163770836	160.0	0.3426763382231084	-0.5075981774496873	0.5075981774496873	0.3426763382231084	1.2580645161290325	2.032258064516129	2.7419354838709675	16.551342973009927	9.857551147689074	2.4492332863920723	-2.3125994664853824	2.392105252488536	-2.4391789900119667	5.888935601645965	-0.1718378691890165	3.0967545147230604	1.7487721103238782	1327.262093253442	22.07662131133061	17.598641050396072	17.598641050396072	14.740237853411664	10.206275564285928	10.206275564285928	8.466876053848996	8.466876053848996	6.25254668624455	6.25254668624455	4.582035556834457	4.582035556834457	-3.2299999999999995	12269942.157708624	19.71687996398413	6.633166188512516	2.715664946185649	177.87713663248533	24.41692712212329	12.356393797796825	5.601050810983688	0.0	5.559266895052008	5.969305287951849	4.794537184071822	9.77851570501903	0.0	0.0	6.923737199690624	44.78163386212682	28.62133509546836	29.012764604922754	19.744454927553285	16.872230220032904	0.0	14.45098789958904	0.0	38.64200440993839	14.09534396535438	56.87307831975825	17.137367822980828	5.559266895052008	0.0	5.749511833283905	0.0	44.72869194257668	34.82884572519363	0.0	35.59836478940461	29.060005457918265	0.0	22.29078092177798	104.89	11.570356098935536	19.802129157825057	0.0	24.33648231577484	41.120972502532325	16.513127197858786	0.0	29.689938052866808	25.06162076466647	0.0	9.720841474747257	6.71434572605915	0.0	32.276591198126745	22.179838863482907	2.0297591136750617	-0.5323085655346438	7.047719155735704	0.1040724827624042	2.4076915158264707	3.855623843199532	0.3478260869565217	31.0	2.0	8.0	0.0	2.0	2.0	1.0	2.0	3.0	8.0	2.0	8.0	3.0	0.0	0.0	0.0	5.0	1.8468	113.58060000000002	1.0	0.0	0.0	2.0	0.0	1.0	1.0	1.0	0.0	3.0	0.0	0.0	0.0	0.0	0.0	0.0	0.0	0.0	0.0	0.0	0.0	0.0	1.0	5.0	1.0	1.0	0.0	0.0	0.0	0.0	0.0	1.0	0.0	0.0	0.0	0.0	0.0	0.0	0.0	1.0	1.0	0.0	0.0	0.0	2.0	0.0	0.0	0.0	0.0	0.0	0.0	0.0
Teniposide	13.483401667032272	13.483401667032272	0.0241549298286485	-1.471654096581496	0.3327956777277973	624.4060000000003	656.156362084	244.0	0.3099403857906003	-0.5016994790132149	0.5016994790132149	0.3099403857906003	0.9130434782608696	1.6521739130434785	2.347826086956522	32.133475977771674	9.657683142493664	2.5592308792476675	-2.475371967282849	2.567461472925824	-2.621104805541816	7.09508973776211	-0.3684741112571827	3.8478468442628486	1.158228943611139	1601.098625016832	31.689141007523464	24.768646901385647	25.585143482313374	22.35490694359764	14.883637261594036	15.763290072848934	11.767938986182228	12.747211294344682	9.37006428097884	10.263980264924214	7.18329633153193	7.889408900733608	-3.63	57390008052.18593	29.751115320200824	11.559989470673608	4.701146592890468	266.56200328692984	57.95134876872255	24.41586555099321	35.57810079180605	12.542454139383732	0.0	5.969305287951849	4.794537184071822	0.0	0.0	11.336785877934735	6.06636706846161	52.40225258786495	11.835812092322788	44.3323786391919	62.74588595279437	17.306091165886585	0.0	0.0	11.835812092322788	49.01779144357333	34.226301317680736	63.34576685002786	28.747559166419524	18.9474518152002	0.0	28.747559166419524	11.336785877934735	86.22108107048312	28.478851953072063	11.835812092322788	39.87940083203719	41.778265181235575	0.0	0.0	160.83	66.82290882384797	20.11411936859394	0.0	37.25524173497738	28.1893781416588	4.877147193701299	25.556380960489804	18.19910120538483	23.579163975850747	0.0	42.63176658420044	52.56951362771084	1.4641830106325573	14.32268078917269	35.00000396484084	2.000043371516066	-1.0847244519152293	10.691895729485465	-7.164134010332464	0.1710768423558581	2.8627944598667243	0.46875	46.0	3.0	13.0	1.0	4.0	5.0	2.0	1.0	3.0	14.0	3.0	14.0	6.0	0.0	3.0	3.0	8.0	2.752900000000001	155.94339999999977	2.0	2.0	0.0	0.0	0.0	1.0	1.0	1.0	0.0	0.0	0.0	0.0	0.0	0.0	0.0	0.0	0.0	0.0	0.0	0.0	0.0	0.0	2.0	4.0	1.0	9.0	0.0	0.0	0.0	0.0	0.0	1.0	2.0	0.0	0.0	0.0	0.0	0.0	0.0	1.0	1.0	0.0	0.0	0.0	0.0	0.0	0.0	0.0	0.0	1.0	0.0	0.0
Mitoxantrone	13.370045223935916	13.370045223935916	0.0093927853369237	-0.5593769620898044	0.1393167780475147	416.2640000000002	444.200884616	172.0	0.2000456390635401	-0.5071541621290547	0.5071541621290547	0.2000456390635401	0.5625	0.96875	1.34375	16.264592558314263	9.809229633443852	2.3739246673480805	-2.246143367405064	2.4177298511959537	-2.284958509866705	6.330664316519549	0.0974986186739947	2.784506956293907	1.9686005898708745	916.8717129663696	23.08721119088101	17.571606289178444	17.571606289178444	15.506437715248111	10.430604966603056	10.430604966603056	7.223513034505341	7.223513034505341	5.086557642035214	5.086557642035214	3.6385925620813215	3.6385925620813215	-3.18	13585988.132704029	23.48242581635176	10.913934593851804	4.833685809447796	184.83151525930165	41.69326399538814	11.49902366656781	0.0	11.566489892729878	0.0	0.0	9.589074368143644	0.0	0.0	0.0	0.0	24.26546827384644	50.64331098484257	35.467569895813824	30.015183947506465	22.941262442097003	0.0	10.633577208012662	0.0	0.0	63.11587957251394	46.51927424063442	11.49902366656781	21.267154416025324	11.374772549367124	11.49902366656781	0.0	84.474901836594	0.0	0.0	31.842880334931625	24.26546827384644	0.0	0.0	163.17999999999998	11.566489892729878	19.802129157825057	0.0	46.966593562381625	50.64331098484257	0.0	12.13273413692322	12.13273413692322	0.0	21.267154416025324	10.213054789681411	0.0	0.0	26.74009044787183	50.56011099839934	0.6779451228251743	-1.8614794913947128	5.741192945400821	0.0	2.808806643564221	0.0	0.3636363636363636	32.0	8.0	10.0	1.0	0.0	1.0	2.0	0.0	2.0	10.0	8.0	10.0	12.0	0.0	0.0	0.0	3.0	-0.1391999999999994	119.96900000000004	2.0	2.0	0.0	0.0	0.0	2.0	2.0	2.0	0.0	0.0	4.0	0.0	0.0	0.0	0.0	0.0	0.0	0.0	0.0	0.0	2.0	0.0	2.0	2.0	0.0	0.0	0.0	0.0	0.0	2.0	0.0	0.0	0.0	0.0	0.0	0.0	0.0	0.0	0.0	2.0	2.0	0.0	0.0	0.0	0.0	0.0	0.0	0.0	0.0	0.0	6.0	0.0
Dactinomycin___1811	15.18304277792763	15.18304277792763	0.0763030494834777	-1.883873546368781	0.1178611576016293	1168.749999999999	1254.6284746719996	490.0	0.3289624922160518	-0.4583674752986542	0.4583674752986542	0.3289624922160518	0.6111111111111112	1.0333333333333334	1.4444444444444444	16.551544280605466	9.979279205397434	2.4644062089104297	-2.357351827231331	2.3529122972660623	-2.611694909398207	6.103559087852686	-0.163122891680937	0.892951152759362	1.3208241868707518	3416.9750833567773	66.97663336732207	54.13427664163749	54.13427664163749	42.10163029441587	30.52749678305556	30.52749678305556	25.543887943195333	25.543887943195333	17.52323484596421	17.52323484596421	12.277858056588098	12.277858056588098	-8.720000000000002	8.303044351411045e+20	68.7652375195437	27.57194843399904	13.704301230794632	521.8226518603487	70.29115712294384	71.753288121145	11.343267560516685	52.686228226712586	11.814359458703011	11.9386105759037	52.73990902479004	14.573052889090851	0.0	0.0	61.4562646659866	88.67967803527071	46.8436522342309	29.903802069902703	71.42532305351531	87.79751500336083	0.0	55.65059132207541	23.671624184645573	169.31079229667182	60.10338103152124	44.60986767968357	11.454175413722904	32.42961228508805	5.687386274683562	0.0	0.0	220.3062177385082	57.41909774831832	37.519098584026814	126.7635388235419	21.34442225804839	0.0	22.553896272981408	359.98	190.6877604276993	52.73990902479004	9.589074368143644	53.9180273192041	18.40509473754901	9.799819461700956	80.69427259010575	62.3136347972156	0.0	21.267154416025324	24.60852284276284	18.29715262748304	0.0	199.2508969525003	10.681160314999978	3.568276919814764	-12.363301552971892	-7.900671330041046	-1.650609259966071	18.36529106985552	5.5851375916587696	0.6129032258064516	90.0	6.0	28.0	1.0	5.0	6.0	1.0	0.0	1.0	18.0	5.0	28.0	8.0	0.0	4.0	4.0	7.0	0.7256400000000032	325.4772000000006	0.0	0.0	1.0	1.0	0.0	0.0	12.0	12.0	0.0	7.0	4.0	1.0	0.0	4.0	0.0	0.0	0.0	0.0	0.0	10.0	1.0	1.0	2.0	4.0	2.0	2.0	0.0	0.0	0.0	0.0	0.0	2.0	0.0	0.0	0.0	0.0	0.0	0.0	0.0	0.0	0.0	0.0	0.0	0.0	0.0	0.0	0.0	0.0	0.0	0.0	0.0	0.0
Dactinomycin___1911	15.18304277792763	15.18304277792763	0.0763030494834777	-1.883873546368781	0.1178611576016293	1168.749999999999	1254.6284746719996	490.0	0.3289624922160518	-0.4583674752986542	0.4583674752986542	0.3289624922160518	0.6111111111111112	1.0333333333333334	1.4444444444444444	16.551544280605466	9.979279205397434	2.4644062089104297	-2.357351827231331	2.3529122972660623	-2.611694909398207	6.103559087852686	-0.163122891680937	0.892951152759362	1.3208241868707518	3416.9750833567773	66.97663336732207	54.13427664163749	54.13427664163749	42.10163029441587	30.52749678305556	30.52749678305556	25.543887943195333	25.543887943195333	17.52323484596421	17.52323484596421	12.277858056588098	12.277858056588098	-8.720000000000002	8.303044351411045e+20	68.7652375195437	27.57194843399904	13.704301230794632	521.8226518603487	70.29115712294384	71.753288121145	11.343267560516685	52.686228226712586	11.814359458703011	11.9386105759037	52.73990902479004	14.573052889090851	0.0	0.0	61.4562646659866	88.67967803527071	46.8436522342309	29.903802069902703	71.42532305351531	87.79751500336083	0.0	55.65059132207541	23.671624184645573	169.31079229667182	60.10338103152124	44.60986767968357	11.454175413722904	32.42961228508805	5.687386274683562	0.0	0.0	220.3062177385082	57.41909774831832	37.519098584026814	126.7635388235419	21.34442225804839	0.0	22.553896272981408	359.98	190.6877604276993	52.73990902479004	9.589074368143644	53.9180273192041	18.40509473754901	9.799819461700956	80.69427259010575	62.3136347972156	0.0	21.267154416025324	24.60852284276284	18.29715262748304	0.0	199.2508969525003	10.681160314999978	3.568276919814764	-12.363301552971892	-7.900671330041046	-1.650609259966071	18.36529106985552	5.5851375916587696	0.6129032258064516	90.0	6.0	28.0	1.0	5.0	6.0	1.0	0.0	1.0	18.0	5.0	28.0	8.0	0.0	4.0	4.0	7.0	0.7256400000000032	325.4772000000006	0.0	0.0	1.0	1.0	0.0	0.0	12.0	12.0	0.0	7.0	4.0	1.0	0.0	4.0	0.0	0.0	0.0	0.0	0.0	10.0	1.0	1.0	2.0	4.0	2.0	2.0	0.0	0.0	0.0	0.0	0.0	2.0	0.0	0.0	0.0	0.0	0.0	0.0	0.0	0.0	0.0	0.0	0.0	0.0	0.0	0.0	0.0	0.0	0.0	0.0	0.0	0.0
Nelarabine	10.045431705089443	10.045431705089443	0.0205153743596195	-1.2345049130763417	0.5056130599451503	282.151	297.10731858	114.0	0.246468524330628	-0.4792780303106493	0.4792780303106493	0.246468524330628	1.380952380952381	2.142857142857143	2.761904761904762	16.562807896524284	10.128492002710196	2.4360539879396	-2.1610225869736563	2.322789594395693	-2.326416935153817	5.771819810752272	-0.0510621279944261	3.005701708233516	2.0748998812312083	661.7365205628685	15.14589989101247	11.118200145751738	11.118200145751738	10.06208060791394	6.22956338279802	6.22956338279802	4.643992410255893	4.643992410255893	3.391394605191402	3.391394605191402	2.345059481480072	2.345059481480072	-2.01	85172.56930621313	13.9496211903352	5.074455413104342	2.083133968590801	118.32464744714628	30.5269755692844	18.31189916324491	17.39177910911886	11.828327617421866	0.0	0.0	4.567099647791355	4.9839785209472085	9.967957041894415	0.0	0.0	0.0	0.0	20.043999580554992	24.793308092122217	17.112217219370486	0.0	19.519035210632985	0.0	24.539800333979777	19.45034698295264	6.3273200747645415	5.879988336435371	10.470530430962237	5.948339280986494	5.879988336435371	0.0	66.86719606419045	4.736862953800049	0.0	6.22790117073487	6.3273200747645415	0.0	11.16387793838399	148.76999999999998	31.14668229849269	10.213054789681411	0.0	11.828327617421866	11.16387793838399	0.0	18.00421726383343	0.0	0.0	14.951935562841626	20.313920779602988	11.922905958679769	0.0	12.059460034013604	28.97113689612923	6.257908005794911	0.1767007327622423	0.0	-2.8965397980179737	-0.4148804799697654	1.4233086506079833	0.5454545454545454	21.0	5.0	10.0	0.0	1.0	1.0	0.0	2.0	2.0	10.0	4.0	10.0	3.0	0.0	1.0	1.0	3.0	-1.9714	69.2968	3.0	3.0	1.0	4.0	0.0	0.0	0.0	0.0	0.0	4.0	0.0	1.0	0.0	0.0	0.0	0.0	0.0	0.0	0.0	0.0	1.0	0.0	0.0	1.0	0.0	2.0	0.0	0.0	1.0	0.0	0.0	0.0	1.0	0.0	0.0	0.0	0.0	0.0	0.0	0.0	0.0	0.0	0.0	0.0	0.0	0.0	0.0	0.0	0.0	0.0	0.0	0.0
Vincristine	15.321994065804107	15.321994065804107	0.1552893630434493	-2.531098412712735	0.1310247762677446	768.5239999999999	824.3996439919999	320.0	0.3436305422897213	-0.4963431329927901	0.4963431329927901	0.3436305422897213	0.9666666666666668	1.7333333333333334	2.4166666666666665	16.57711479705114	9.473289556166328	2.8065322839068925	-2.627873369998301	2.680758009024113	-2.811677909629212	5.96318439350242	-0.2279960564117442	3.9248799441539326	1.3790970017416169	2310.1764691569483	42.56997437507694	35.28578239372784	35.28578239372784	28.758719325909148	21.259764842829107	21.259764842829107	18.10572185256905	18.10572185256905	15.501373008289514	15.501373008289514	13.364986680028895	13.364986680028895	-4.76	27977548254752.824	40.63584631061215	14.149039827212606	5.194742988591859	349.30111781884705	39.0443948566793	11.164502302680685	6.103966387748303	12.011146117099807	0.0	17.90791586385555	24.18343101391642	4.794537184071822	0.0	0.0	44.19861581843384	74.24722930994723	78.20125607837056	38.659670538647816	48.338655341168895	40.90832237673628	0.0	14.783797982648164	11.332896515558172	99.51587194343308	58.95308438424595	70.93452509437687	5.749511833283905	9.636772684650529	5.687386274683562	5.749511833283905	0.0	132.7577882637083	50.639540159407	11.332896515558172	75.25960218364138	48.55024262443742	0.0	10.902924932081056	171.17	63.54263694005748	24.59666634189688	4.794537184071822	12.338727669087405	99.495714536519	16.466376423778055	33.153039554373706	6.06636706846161	50.264982886895446	20.850165051109773	18.9474518152002	23.687232057572555	0.0	66.13385202726373	26.25314032557773	-3.150558560276134	-2.064961279668168	9.97370523848882	5.832904069265398	8.161264678568111	4.0900881098746265	0.5652173913043478	60.0	3.0	14.0	1.0	5.0	6.0	2.0	1.0	3.0	12.0	3.0	14.0	8.0	1.0	2.0	3.0	9.0	3.5175000000000027	220.5682999999993	2.0	0.0	0.0	1.0	1.0	0.0	4.0	4.0	0.0	3.0	1.0	0.0	0.0	0.0	0.0	1.0	0.0	0.0	0.0	1.0	1.0	0.0	2.0	6.0	3.0	4.0	0.0	0.0	0.0	0.0	0.0	0.0	3.0	0.0	0.0	0.0	0.0	0.0	1.0	0.0	0.0	1.0	0.0	0.0	0.0	0.0	0.0	0.0	0.0	0.0	0.0	0.0
Venetoclax	13.906068499863752	13.906068499863752	0.0358672918355598	-4.551966160527181	0.0764080971409355	818.0569999999997	867.3180956199999	320.0	0.2931897784676114	-0.4548032789505275	0.4548032789505275	0.2931897784676114	1.0327868852459017	1.8032786885245904	2.557377049180328	35.495693920126726	9.722169686270364	2.305065440968191	-2.390923819451679	2.4339083587631074	-2.468300621244801	7.897102788410262	-0.3836831220862743	3.721909925176548	1.0032092071926542	2563.5382809314583	42.72682862456929	34.285447371989456	35.85787289893563	29.297596635107283	20.665802219668333	22.52692994027195	16.86957252598595	18.988410547867463	11.96822863099511	13.548865425107508	8.400013009129422	9.511855993786977	-5.479999999999999	43762524630358.69	42.22048453336903	17.855789620807272	10.01823709713814	360.02992657502205	24.67440276340412	22.8335871620191	0.0	0.0	21.61785715744265	0.0	19.80876518368787	18.12387036972824	0.0	0.0	43.15425295660625	103.1044971996474	86.90812387592727	21.57908958764552	27.609371124818527	61.20007556234408	0.0	19.589961637196986	11.332896515558172	50.84706598952907	62.69900069935808	117.02705106073569	11.49902366656781	19.675656153108942	17.062158824050687	11.49902366656781	11.600939890232516	86.59845689974429	14.760154107207631	21.447214784323744	61.87302268147711	95.65867997035254	5.022633313741326	16.606505965301793	172.03	31.43665168177809	23.32665243716633	0.0	28.33324611522264	31.15520938899004	86.99050101554423	35.039238260371825	30.46231184545952	18.19910120538483	55.78686850835827	21.074665797832616	41.163265941171446	6.238459066896006	37.09911170299354	16.693683327269152	5.553397832658171	-0.1950024178408707	20.43011666507801	8.130102533447669	10.383275953298511	-4.551966160527181	0.3777777777777777	61.0	3.0	14.0	1.0	2.0	3.0	3.0	2.0	5.0	11.0	3.0	16.0	13.0	0.0	2.0	2.0	8.0	8.659900000000006	237.04779999999937	0.0	0.0	0.0	2.0	1.0	0.0	1.0	1.0	0.0	4.0	3.0	0.0	0.0	0.0	0.0	1.0	0.0	0.0	1.0	1.0	2.0	0.0	3.0	1.0	0.0	2.0	0.0	1.0	0.0	0.0	0.0	0.0	0.0	0.0	0.0	1.0	1.0	0.0	0.0	0.0	0.0	0.0	1.0	0.0	1.0	1.0	0.0	0.0	0.0	0.0	0.0	0.0
Osimertinib	12.222602682564595	12.222602682564595	0.2985375009821398	-0.2985375009821398	0.3105348061023151	466.3550000000003	499.2695732960001	192.0	0.2473222348445775	-0.4944952223233742	0.4944952223233742	0.2473222348445775	1.135135135135135	1.9189189189189189	2.6486486486486487	16.466466168236828	10.114195491021098	2.170156960509225	-2.2551417792361814	2.379664769598471	-2.28915495267355	6.019601765311839	-0.1114299251399245	3.237234554675035	1.7065918885507303	1427.5756477173193	26.52636877963644	21.947387593883413	21.947387593883413	17.799264050931818	11.961896098355965	11.961896098355965	9.049163503309536	9.049163503309536	6.129909869664962	6.129909869664962	4.140986971863572	4.140986971863572	-4.37	201258419.0513093	25.714839198898407	11.132403403828905	5.727560753255412	216.93996108181824	29.73735927130502	5.749511833283905	0.0	11.855519010338	0.0	0.0	4.794537184071822	9.967957041894415	0.0	0.0	24.778036888983326	38.37046527757309	62.11128741264534	29.86588436017668	9.53140013787187	39.82060276646975	0.0	19.43496642053625	7.04767198267719	0.0	56.875813239997385	67.5132124128898	17.00689131982936	20.27034989266319	23.01049810503718	5.749511833283905	0.0	66.68447245102199	11.842209166749011	0.0	0.0	67.5132124128898	0.0	22.16030441862652	87.55	0.0	4.794537184071822	0.0	5.907179729351506	23.07262366363752	40.93720350513522	6.076020106833881	13.30664111289061	58.5225232730168	54.89298823058698	9.720841474747257	7.7911168538880755	0.0	25.609090225395967	7.310944152499818	5.0239840723529605	0.7161966137253699	13.829160643744574	5.040728545006802	5.191820419380108	9.65362514067299	0.25	37.0	2.0	9.0	0.0	0.0	0.0	2.0	2.0	4.0	8.0	2.0	9.0	10.0	0.0	0.0	0.0	4.0	4.509800000000003	150.87239999999974	0.0	0.0	0.0	3.0	0.0	0.0	1.0	1.0	0.0	5.0	2.0	0.0	0.0	2.0	0.0	0.0	0.0	0.0	0.0	1.0	4.0	1.0	2.0	1.0	0.0	1.0	0.0	0.0	0.0	0.0	0.0	0.0	1.0	0.0	0.0	0.0	0.0	0.0	1.0	0.0	0.0	0.0	0.0	0.0	0.0	0.0	0.0	0.0	0.0	0.0	0.0	0.0
Vinorelbine	15.171731877595493	15.171731877595493	0.0284143406602543	-2.2744897120699434	0.1956898904603122	724.515	778.3941646879999	302.0	0.3436112263225902	-0.4963433573515331	0.4963433573515331	0.3436112263225902	1.0	1.7719298245614037	2.473684210526316	16.576917900689338	9.473343544043486	2.8012290554525063	-2.630559975305665	2.679745506663904	-2.8098628312826444	5.946731439624405	-0.228128437485713	3.865300514050016	1.3697089390408743	2247.9699696105645	40.23311108189347	34.01610694539093	34.01610694539093	27.38479922306013	20.34967727730742	20.34967727730742	17.178958141086873	17.178958141086873	14.759818858047543	14.759818858047543	12.84476661357208	12.84476661357208	-4.65	7495124316908.953	37.90033363100775	13.188750570201028	4.80371045684897	333.2908168200264	33.937867461838586	11.164502302680685	6.103966387748303	5.601050810983688	0.0	17.90791586385555	19.3888938298446	4.794537184071822	0.0	0.0	55.84774045533699	61.40558606409522	90.93631433573132	27.37123345298056	38.43759076225636	34.49822707062016	0.0	14.783797982648164	11.332896515558172	87.61793429250997	59.45599996101056	82.58364973128002	5.749511833283905	9.636772684650529	5.687386274683562	5.749511833283905	0.0	116.14303032853242	45.968937758321744	11.332896515558172	68.83878056071536	60.19936726134057	0.0	10.902924932081056	133.87	45.93044001197398	14.69560176298435	4.794537184071822	17.929052163261204	50.20969741149666	52.92147661975823	26.71643681231496	7.109797541277533	37.07042011860312	58.13469670822526	18.9474518152002	23.885237508424268	0.0	53.11960515592329	14.35138681389486	1.0481408140075348	-1.3108556147384665	11.15248664118315	7.67191080620672	9.19119204355776	6.224229164874214	0.5333333333333333	57.0	2.0	12.0	1.0	5.0	6.0	2.0	1.0	3.0	11.0	2.0	12.0	7.0	1.0	1.0	2.0	9.0	4.753600000000004	214.07749999999936	1.0	0.0	0.0	1.0	1.0	0.0	3.0	3.0	0.0	3.0	1.0	0.0	0.0	1.0	0.0	1.0	0.0	0.0	0.0	0.0	1.0	0.0	2.0	6.0	3.0	4.0	0.0	0.0	0.0	0.0	0.0	0.0	3.0	0.0	0.0	0.0	0.0	0.0	1.0	0.0	0.0	0.0	0.0	0.0	0.0	0.0	0.0	0.0	0.0	0.0	0.0	0.0
